A_mod_455,excluded,excluded_only_after_exponent_sync,q0_labels_c_s12,q1_labels_c_s12,q2_labels_c_s12
0,0,0,1:0;1:1;1:2;1:3;1:4;1:5;1:6;1:7;1:8;1:9;1:10;1:11;3:0;3:1;3:2;3:3;3:4;3:5;3:6;3:7;3:8;3:9;3:10;3:11,,
1,1,0,,,
2,1,1,,,
3,1,0,,,
4,1,1,,,
5,1,0,,,
6,0,0,,,1:1
7,0,0,1:1;3:9,,
8,1,0,,,
9,1,1,,,
10,1,0,,,
11,1,1,,,
12,0,0,1:1,,
13,0,0,1:1;1:4,,1:4
14,1,0,,,
15,1,0,,,
16,1,1,,,
17,1,0,,,
18,0,0,,,1:0
19,1,0,,,
20,0,0,1:1;1:7,,
21,1,1,,,
22,1,0,,,
23,0,0,,,1:0
24,1,0,,,
25,1,1,,,
26,0,0,1:1,,1:1
27,1,0,,,
28,0,0,1:8;3:2,,1:4;3:9
29,1,0,,,
30,0,0,3:0;3:9,,
31,1,0,,,
32,1,0,,,
33,0,0,1:1,,
34,1,1,,,
35,0,0,1:0;1:1;3:8;3:9,,
36,1,0,,,
37,0,0,3:9,,
38,1,0,,,
39,0,0,1:9;3:10,,
40,1,0,,,
41,0,0,,,1:1
42,0,0,1:0,,
43,1,0,,,
44,1,0,,,
45,1,0,,,
46,1,1,,,
47,1,1,,,
48,0,0,1:1,,1:4
49,1,0,,,
50,1,0,,,
51,1,1,,,
52,1,0,,,
53,1,1,,,
54,1,1,,,
55,1,1,,,
56,0,0,1:1,,1:1
57,1,0,,,
58,0,0,,,3:9
59,1,0,,,
60,0,0,1:0;1:3,,
61,0,0,1:1,,1:1
62,1,0,,,
63,0,0,1:1;1:4;3:9,,1:8
64,1,0,,,
65,0,0,1:0;1:3;1:6;1:9;3:0;3:3;3:6;3:9,,
66,1,0,,,
67,1,1,,,
68,1,1,,,
69,0,0,1:1,,
70,1,0,,,
71,1,0,,,
72,0,0,3:9,,
73,1,0,,,
74,1,1,,,
75,1,0,,,
76,0,0,1:1,,
77,0,0,1:1;3:9,,
78,1,0,,,
79,1,0,,,
80,1,0,,,
81,1,1,,,
82,0,0,1:1;1:4,,
83,1,1,,,
84,1,0,,,
85,1,0,,,
86,1,1,,,
87,1,0,,,
88,0,0,,,1:0
89,0,0,1:1,,
90,0,0,1:1,,
91,0,0,1:1;1:5;1:9;3:2;3:6;3:10,,1:1;1:5;1:9;3:2;3:6;3:10
92,1,0,,,
93,0,0,,,3:9
94,1,0,,,
95,1,1,,,
96,1,1,,,
97,1,0,,,
98,0,0,1:1;3:9,,
99,1,0,,,
100,0,0,1:0;3:9,,
101,1,0,,,
102,1,1,,,
103,0,0,1:1,,
104,0,0,1:1,,
105,1,0,,,
106,1,0,,,
107,0,0,1:0,,
108,1,0,,,
109,1,0,,,
110,1,0,,,
111,0,0,1:1,,
112,0,0,1:0,,
113,1,0,,,
114,1,0,,,
115,1,0,,,
116,1,1,,,
117,0,0,1:1;1:4,,
118,1,1,,,
119,0,0,3:2,,
120,1,0,,,
121,1,1,,,
122,1,0,,,
123,1,1,,,
124,0,0,1:1,,
125,1,1,,,
126,0,0,1:1,,1:1
127,1,0,,,
128,0,0,3:9,,
129,1,0,,,
130,0,0,1:0;1:3;1:6;1:9;3:1;3:4;3:7;3:10,,
131,0,0,,,1:1
132,1,1,,,
133,0,0,1:0,,
134,1,0,,,
135,1,0,,,
136,1,0,,,
137,1,1,,,
138,1,1,,,
139,0,0,1:1,,
140,1,0,,,
141,1,0,,,
142,0,0,3:9,,
143,1,0,,,
144,1,0,,,
145,1,1,,,
146,1,1,,,
147,0,0,1:1;1:4;3:9,,
148,1,0,,,
149,1,0,,,
150,1,0,,,
151,1,1,,,
152,0,0,1:1,,
153,1,1,,,
154,0,0,1:1,,
155,1,0,,,
156,0,0,1:9;3:6,,1:9;3:6
157,1,0,,,
158,1,1,,,
159,1,1,,,
160,0,0,1:1;1:4,,
161,1,1,,,
162,1,0,,,
163,0,0,3:9,,
164,1,0,,,
165,0,0,1:0,,
166,1,1,,,
167,0,0,1:1;1:4,,
168,0,0,1:1;3:9,,
169,1,0,,,
170,1,0,,,
171,1,0,,,
172,0,0,1:0,,
173,0,0,1:1;1:4,,
174,1,0,,,
175,1,0,,,
176,1,0,,,
177,0,0,1:0,,
178,1,0,,,
179,1,0,,,
180,0,0,1:1;1:4,,
181,0,0,1:1,,
182,0,0,1:0;1:1;1:4;1:5;1:8;1:9;3:1;3:2;3:5;3:6;3:9;3:10,,
183,1,0,,,
184,1,1,,,
185,1,0,,,
186,1,1,,,
187,1,0,,,
188,1,1,,,
189,0,0,1:1,,
190,1,0,,,
191,1,1,,,
192,1,0,,,
193,1,1,,,
194,0,0,1:1,,
195,0,0,1:1;1:4;1:7;1:10,,
196,0,0,,,1:1
197,1,0,,,
198,0,0,1:0,,
199,1,0,,,
200,1,0,,,
201,0,0,,,1:1
202,0,0,1:1,,
203,0,0,1:0,,
204,1,0,,,
205,1,0,,,
206,1,0,,,
207,1,1,,,
208,0,0,1:1;1:4,,1:4
209,1,0,,,
210,0,0,1:6;1:8;3:2;3:4,,
211,1,0,,,
212,0,0,3:9,,
213,1,0,,,
214,1,0,,,
215,0,0,1:1;1:7,,
216,1,1,,,
217,0,0,1:0;1:1;3:9,,
218,1,0,,,
219,1,1,,,
220,1,0,,,
221,0,0,1:9;3:10,,1:9;3:10
222,1,0,,,
223,0,0,,,1:4
224,1,1,,,
225,1,0,,,
226,1,1,,,
227,1,0,,,
228,1,1,,,
229,1,1,,,
230,0,0,1:1,,
231,1,1,,,
232,1,0,,,
233,0,0,3:9,,
234,1,0,,,
235,1,0,,,
236,0,0,,,1:1
237,1,1,,,
238,0,0,1:1;1:4;3:9,,1:0;3:9
239,1,0,,,
240,1,0,,,
241,1,0,,,
242,0,0,1:0,,
243,0,0,1:1,,1:4
244,1,0,,,
245,0,0,1:1;1:4;3:0;3:9,,
246,1,0,,,
247,0,0,1:0;1:9;3:6;3:9,,
248,1,0,,,
249,1,1,,,
250,1,1,,,
251,0,0,1:1,,1:1
252,1,0,,,
253,1,0,,,
254,1,1,,,
255,1,0,,,
256,1,1,,,
257,1,0,,,
258,0,0,1:1;1:4,,
259,0,0,1:1,,
260,1,0,,,
261,1,1,,,
262,1,0,,,
263,0,0,1:0,,
264,0,0,1:1,,
265,1,0,,,
266,0,0,,,1:1
267,1,0,,,
268,0,0,1:0,,
269,1,0,,,
270,1,0,,,
271,0,0,1:1,,
272,0,0,1:1,,
273,0,0,1:0;1:1;1:4;1:5;1:8;1:9;3:1;3:2;3:5;3:6;3:9;3:10,,1:0;1:4;1:8;3:1;3:5;3:9
274,1,0,,,
275,0,0,1:6,,
276,1,0,,,
277,1,1,,,
278,1,1,,,
279,1,0,,,
280,0,0,1:1;1:7;3:3;3:9,,
281,1,0,,,
282,0,0,1:0;3:9,,
283,1,0,,,
284,1,1,,,
285,0,0,1:1,,
286,0,0,1:1,,1:1
287,1,0,,,
288,1,0,,,
289,1,1,,,
290,1,0,,,
291,1,1,,,
292,1,0,,,
293,0,0,1:1,,
294,1,1,,,
295,1,0,,,
296,1,1,,,
297,1,0,,,
298,1,1,,,
299,0,0,1:1,,
300,1,0,,,
301,0,0,3:2,,1:1
302,1,0,,,
303,0,0,3:9,,1:0;3:9
304,1,0,,,
305,1,0,,,
306,0,0,1:1,,
307,1,1,,,
308,0,0,1:0;1:1;3:9,,1:4;3:9
309,1,0,,,
310,0,0,3:0;3:9,,
311,1,0,,,
312,0,0,1:0;1:9;3:1;3:10,,
313,1,1,,,
314,1,1,,,
315,0,0,1:0;3:8,,
316,1,0,,,
317,1,0,,,
318,1,0,,,
319,1,1,,,
320,1,1,,,
321,0,0,1:1,,1:1
322,1,0,,,
323,1,0,,,
324,1,1,,,
325,1,0,,,
326,1,1,,,
327,1,1,,,
328,1,1,,,
329,0,0,1:1,,
330,1,0,,,
331,1,1,,,
332,1,0,,,
333,0,0,1:0,,
334,0,0,1:1,,
335,1,0,,,
336,0,0,1:1,,3:2
337,1,0,,,
338,0,0,1:0;1:9;3:6;3:9,,1:0;3:9
339,1,0,,,
340,0,0,1:6;3:4,,
341,1,1,,,
342,0,0,1:1;1:4,,
343,0,0,,,1:0
344,1,0,,,
345,0,0,3:3;3:9,,
346,1,0,,,
347,0,0,1:0,,
348,1,1,,,
349,0,0,1:1,,
350,0,0,1:1;3:9,,
351,1,0,,,
352,1,0,,,
353,1,0,,,
354,1,1,,,
355,0,0,1:1;1:4,,
356,1,1,,,
357,1,0,,,
358,1,0,,,
359,1,1,,,
360,1,0,,,
361,1,1,,,
362,0,0,1:1;1:4,,
363,0,0,1:1,,
364,0,0,1:1;1:5;1:9;3:2;3:6;3:10,,
365,1,0,,,
366,1,1,,,
367,1,0,,,
368,0,0,,,1:0
369,1,0,,,
370,1,0,,,
371,0,0,1:1,,
372,1,0,,,
373,0,0,1:0;3:9,,3:9
374,1,0,,,
375,1,1,,,
376,0,0,1:1,,
377,0,0,1:1;1:4,,
378,0,0,,,3:9
379,1,0,,,
380,0,0,1:0,,
381,1,0,,,
382,1,0,,,
383,1,1,,,
384,0,0,1:1,,
385,0,0,1:0;1:3;3:8;3:11,,
386,1,0,,,
387,1,0,,,
388,1,0,,,
389,1,1,,,
390,0,0,1:1;1:4;1:7;1:10,,
391,0,0,,,1:1
392,0,0,1:8;3:2,,
393,1,0,,,
394,1,1,,,
395,1,0,,,
396,1,1,,,
397,0,0,1:1,,
398,1,1,,,
399,0,0,1:1,,
400,1,0,,,
401,1,1,,,
402,1,0,,,
403,0,0,1:0;1:9;3:1;3:10,,1:0;3:1
404,1,0,,,
405,1,1,,,
406,1,1,,,
407,1,0,,,
408,0,0,,,1:0
409,1,0,,,
410,1,1,,,
411,1,1,,,
412,0,0,1:1,,
413,0,0,,,1:0
414,1,0,,,
415,0,0,3:9,,
416,1,0,,,
417,1,0,,,
418,0,0,,,1:4
419,1,1,,,
420,0,0,1:1;1:4;3:0;3:9,,
421,1,0,,,
422,1,0,,,
423,1,0,,,
424,1,1,,,
425,0,0,1:1,,
426,1,1,,,
427,0,0,1:1;1:4;3:9,,
428,1,0,,,
429,0,0,1:9;3:6,,
430,1,0,,,
431,1,1,,,
432,1,1,,,
433,0,0,1:1;1:4,,
434,1,0,,,
435,1,0,,,
436,1,1,,,
437,1,0,,,
438,0,0,1:0,,
439,1,0,,,
440,0,0,1:1;1:4,,
441,0,0,1:1,,
442,1,0,,,
443,0,0,,,3:9
444,1,0,,,
445,0,0,1:0,,
446,0,0,1:1,,1:1
447,1,0,,,
448,0,0,,,3:9
449,1,0,,,
450,0,0,1:0;1:3,,
451,1,0,,,
452,1,0,,,
453,0,0,1:1;1:4,,
454,0,0,1:1,,
