4	0	0	2	1	0	0	113
4	0	0	2	1	0	1	119
4	0	0	2	1	0	2	126
4	0	0	2	1	2	0	127
4	0	0	2	2	0	0	130
4	0	1	2	1	0	0	120
4	0	1	2	1	0	1	126
5	0	0	2	1	0	0	113
5	0	0	2	1	0	1	119
5	0	0	2	1	0	2	126
5	0	0	2	1	2	0	127
5	0	0	2	2	0	0	130
5	0	1	2	1	0	0	120
5	0	1	2	1	0	1	126
6	0	0	2	1	0	0	113
6	0	0	2	1	0	1	119
6	0	0	2	1	0	2	126
6	0	0	2	1	2	0	127
6	0	1	2	1	0	0	120
6	0	1	2	1	0	1	126
7	0	0	2	1	0	0	113
7	0	0	2	1	0	1	119
7	0	0	2	1	0	2	126
7	0	0	2	1	2	0	127
7	0	1	2	1	0	0	120
7	0	1	2	1	0	1	126
8	0	0	2	1	0	0	113
8	0	0	2	1	0	1	119
8	0	0	2	1	0	2	126
8	0	0	2	1	2	0	127
8	0	1	2	1	0	0	120
8	0	1	2	1	0	1	126
9	0	0	2	1	0	0	113
9	0	0	2	1	0	1	119
9	0	0	2	1	0	2	126
9	0	1	2	1	0	0	120
9	0	1	2	1	0	1	126
10	0	0	2	1	0	0	113
10	0	0	2	1	0	1	119
10	0	1	2	1	0	0	120
11	0	0	2	1	0	0	113
11	0	0	2	1	0	1	119
11	0	1	2	1	0	0	120
12	0	0	2	1	0	0	113
12	0	0	2	1	0	1	119
12	0	1	2	1	0	0	120
13	0	0	2	1	0	0	113
13	0	0	2	1	0	1	119
13	0	1	2	1	0	0	120
