round	path	sha256	classification	note
14	rounds/B699-D-i3-round14-rank-exponent-antichain-20260922/sources/ROUND13_SHA256.txt	05d4c578bbea15303ef451b63cebb8f7342a03e8d327a8adf3808616e00a2033	earlier_round_in_this_session_or_its_source_record	本会话前轮快照或其哈希/证书采纳记录，保留版本而不替换。
14	rounds/B699-D-i3-round14-rank-exponent-antichain-20260922/sources/round13_replay_receipt.json	709d51223f3c1ca825b74d28335d911013427b245f306ec4fb39581ef36cc6c4	earlier_round_in_this_session_or_its_source_record	本会话前轮快照或其哈希/证书采纳记录，保留版本而不替换。
14	rounds/B699-D-i3-round14-rank-exponent-antichain-20260922/sources/round13_rank_sieve.json	a479a808d41dd115ae6914a792ab946619a9ac3d4fb1ba896e71b18d49bf35af	earlier_round_in_this_session_or_its_source_record	本会话前轮快照或其哈希/证书采纳记录，保留版本而不替换。
14	rounds/B699-D-i3-round14-rank-exponent-antichain-20260922/sources/OVERVIEW-2026-09-22.md.txt	4ad5a387242d834c57d08cebf011ed82507bd5f9bf661589a323f98b480c56c5	user_supplied_shared_navigation_snapshot	原轮次包内已附输入快照，不计为本会话新研究轮次；未另外加入 Project 导航原件。
15	rounds/B699-D-i3-round15-cz-gcd-finiteness-20260922/sources/OVERVIEW-2026-09-22.md.txt	4ad5a387242d834c57d08cebf011ed82507bd5f9bf661589a323f98b480c56c5	user_supplied_shared_navigation_snapshot	原轮次包内已附输入快照，不计为本会话新研究轮次；未另外加入 Project 导航原件。
15	rounds/B699-D-i3-round15-cz-gcd-finiteness-20260922/sources/ROUND14_SHA256.txt	07d597a6e42d3cf89ee946457a741f95c428714511877a8bc0f37b813fb029cb	earlier_round_in_this_session_or_its_source_record	本会话前轮快照或其哈希/证书采纳记录，保留版本而不替换。
15	rounds/B699-D-i3-round15-cz-gcd-finiteness-20260922/sources/CORVAJA_ZANNIER_INTERFACE.json	a4b301ad21d56f0a044c85481ed9083a23a8886795048a2d45f15f79991a6f1a	source_adoption_metadata_or_theorem_interface	随本轮原证据包保存的来源说明/接口/注册表，未在本次归档补充外部材料。
15	rounds/B699-D-i3-round15-cz-gcd-finiteness-20260922/sources/round14_rank_exponent.json	9d06660c6fea5c721ff83d42885c41b36623e1e47f88f276c1849b8edb255bbc	earlier_round_in_this_session_or_its_source_record	本会话前轮快照或其哈希/证书采纳记录，保留版本而不替换。
16	rounds/B699-D-i3-round16-matveev-effective-bridge-20260922/sources/source_hashes.txt	5d42b36f45e1af99994bded19921522ef4e891e76cb5f6ccf72a904495d35d85	source_adoption_metadata_or_theorem_interface	随本轮原证据包保存的来源说明/接口/注册表，未在本次归档补充外部材料。
17	rounds/B699-D-i3-round17-high-layer-rank-gap-20260922/sources/ROUND16_HANDOFF.md	d9b984d20a96a3b6be5c13ef5c18fe137fb027c2078efd407d059c2a8e9dc71b	earlier_round_in_this_session_or_its_source_record	本会话前轮快照或其哈希/证书采纳记录，保留版本而不替换。
17	rounds/B699-D-i3-round17-high-layer-rank-gap-20260922/sources/ROUND14_PROOFS.md	69f20e11a2a83e45d01c210c2d7c36a025d7e54e37f7f79d1e21c723565508c3	earlier_round_in_this_session_or_its_source_record	本会话前轮快照或其哈希/证书采纳记录，保留版本而不替换。
17	rounds/B699-D-i3-round17-high-layer-rank-gap-20260922/sources/ROUND14_HANDOFF.md	12904dff8c8128e0bf97caf677afaea3d1ee088d9121e1a2ebaab24e7fe054f0	earlier_round_in_this_session_or_its_source_record	本会话前轮快照或其哈希/证书采纳记录，保留版本而不替换。
17	rounds/B699-D-i3-round17-high-layer-rank-gap-20260922/sources/ROUND16_FAILURES.md	b320fcfa8aff812a07d56c54c94c189c811de95f4da19cbbac443e2a51eb6e4f	earlier_round_in_this_session_or_its_source_record	本会话前轮快照或其哈希/证书采纳记录，保留版本而不替换。
17	rounds/B699-D-i3-round17-high-layer-rank-gap-20260922/sources/ROUND16_REPORT.md	958aa64a67fb5f9ee26bb0c0df04081b1a03ea5b4e2cf97d83c3f6d50ac5fd6e	earlier_round_in_this_session_or_its_source_record	本会话前轮快照或其哈希/证书采纳记录，保留版本而不替换。
17	rounds/B699-D-i3-round17-high-layer-rank-gap-20260922/sources/ROUND16_PROOFS.md	6092555c5ec30cc25b7c99a902607ecc26824987fef33c1c63a94c38d725cd1e	earlier_round_in_this_session_or_its_source_record	本会话前轮快照或其哈希/证书采纳记录，保留版本而不替换。
17	rounds/B699-D-i3-round17-high-layer-rank-gap-20260922/sources/OVERVIEW-2026-09-22.md.txt	4ad5a387242d834c57d08cebf011ed82507bd5f9bf661589a323f98b480c56c5	user_supplied_shared_navigation_snapshot	原轮次包内已附输入快照，不计为本会话新研究轮次；未另外加入 Project 导航原件。
17	rounds/B699-D-i3-round17-high-layer-rank-gap-20260922/sources/ROUND16.zip.sha256	bad275a4b6ddbe9068c4b407de6ea1db68de913658615c868995a819b755af00	earlier_round_in_this_session_or_its_source_record	本会话前轮快照或其哈希/证书采纳记录，保留版本而不替换。
18	rounds/B699-D-i3-round18-pure-two-closure-20260922/sources/ROUND17_PROOFS.md	13c8f0506b5f6d1f40af3ccc76352a30585ca716a46787a4d30ad60c75b61c89	earlier_round_in_this_session_or_its_source_record	本会话前轮快照或其哈希/证书采纳记录，保留版本而不替换。
18	rounds/B699-D-i3-round18-pure-two-closure-20260922/sources/ROUND16.zip.sha256	0725e1157c4c5d7b7eb42d1eaf3be046d333673dc1903cdbb8163982c8d965d4	earlier_round_in_this_session_or_its_source_record	本会话前轮快照或其哈希/证书采纳记录，保留版本而不替换。
18	rounds/B699-D-i3-round18-pure-two-closure-20260922/sources/OVERVIEW-2026-09-22.md.txt	4ad5a387242d834c57d08cebf011ed82507bd5f9bf661589a323f98b480c56c5	user_supplied_shared_navigation_snapshot	原轮次包内已附输入快照，不计为本会话新研究轮次；未另外加入 Project 导航原件。
18	rounds/B699-D-i3-round18-pure-two-closure-20260922/sources/ROUND17_REPORT.md	e6c4066969b38f9a44911934df7e08b21ccef5bba0fedd3cbbcd705694979a9a	earlier_round_in_this_session_or_its_source_record	本会话前轮快照或其哈希/证书采纳记录，保留版本而不替换。
18	rounds/B699-D-i3-round18-pure-two-closure-20260922/sources/ROUND17_HANDOFF.md	29b1a4c361a10df745fe5a4f4a785006e969741fe102ddd5c2c0856ce435fc2d	earlier_round_in_this_session_or_its_source_record	本会话前轮快照或其哈希/证书采纳记录，保留版本而不替换。
18	rounds/B699-D-i3-round18-pure-two-closure-20260922/sources/ROUND16_REPORT.md	958aa64a67fb5f9ee26bb0c0df04081b1a03ea5b4e2cf97d83c3f6d50ac5fd6e	earlier_round_in_this_session_or_its_source_record	本会话前轮快照或其哈希/证书采纳记录，保留版本而不替换。
18	rounds/B699-D-i3-round18-pure-two-closure-20260922/sources/ROUND17.zip.sha256	124990b0031891e5033501288656f0c07ff00be3600921cc32ca25ce65583fb9	earlier_round_in_this_session_or_its_source_record	本会话前轮快照或其哈希/证书采纳记录，保留版本而不替换。
18	rounds/B699-D-i3-round18-pure-two-closure-20260922/sources/ROUND16_HANDOFF.md	d9b984d20a96a3b6be5c13ef5c18fe137fb027c2078efd407d059c2a8e9dc71b	earlier_round_in_this_session_or_its_source_record	本会话前轮快照或其哈希/证书采纳记录，保留版本而不替换。
18	rounds/B699-D-i3-round18-pure-two-closure-20260922/sources/ROUND16_PROOFS.md	6092555c5ec30cc25b7c99a902607ecc26824987fef33c1c63a94c38d725cd1e	earlier_round_in_this_session_or_its_source_record	本会话前轮快照或其哈希/证书采纳记录，保留版本而不替换。
18	rounds/B699-D-i3-round18-pure-two-closure-20260922/sources/ROUND14_PROOFS.md	69f20e11a2a83e45d01c210c2d7c36a025d7e54e37f7f79d1e21c723565508c3	earlier_round_in_this_session_or_its_source_record	本会话前轮快照或其哈希/证书采纳记录，保留版本而不替换。
18	rounds/B699-D-i3-round18-pure-two-closure-20260922/sources/ROUND17_FRONTIER.json	f83c0211d5108dbbf0ef43f94b396410322492dcf5d7982f4ebcf299b4a4b2b2	earlier_round_in_this_session_or_its_source_record	本会话前轮快照或其哈希/证书采纳记录，保留版本而不替换。
19	rounds/B699-D-i3-round19-odd-endpoint-polyheight-20260922/sources/OVERVIEW-2026-09-22.md.txt	4ad5a387242d834c57d08cebf011ed82507bd5f9bf661589a323f98b480c56c5	user_supplied_shared_navigation_snapshot	原轮次包内已附输入快照，不计为本会话新研究轮次；未另外加入 Project 导航原件。
19	rounds/B699-D-i3-round19-odd-endpoint-polyheight-20260922/sources/ROUND10_PROOFS.md	25f85e80bcc4b8d312e4fdb65b2139e359dc45e55add8187674e46e335dc9754	pre_session_historical_dependency_snapshot	仅保留原轮次 ZIP 内已有历史源快照；不是本会话生成的 Round 10/11/12 研究交付。
19	rounds/B699-D-i3-round19-odd-endpoint-polyheight-20260922/sources/ROUND11_PROOFS.md	61415060069cd580a3de7789579b63e043369d7f4fcd8a860acaabc53553d1f8	pre_session_historical_dependency_snapshot	仅保留原轮次 ZIP 内已有历史源快照；不是本会话生成的 Round 10/11/12 研究交付。
19	rounds/B699-D-i3-round19-odd-endpoint-polyheight-20260922/sources/ROUND15_PROOFS.md	f7aefc24cba2c2391450424e6221aaf728db8c3de8cb165d0197053e97923a89	earlier_round_in_this_session_or_its_source_record	本会话前轮快照或其哈希/证书采纳记录，保留版本而不替换。
19	rounds/B699-D-i3-round19-odd-endpoint-polyheight-20260922/sources/ROUND16_PROOFS.md	6092555c5ec30cc25b7c99a902607ecc26824987fef33c1c63a94c38d725cd1e	earlier_round_in_this_session_or_its_source_record	本会话前轮快照或其哈希/证书采纳记录，保留版本而不替换。
19	rounds/B699-D-i3-round19-odd-endpoint-polyheight-20260922/sources/ROUND18_HANDOFF.md	acacefc55414c2e12b2808810fbf30280445bb1e839c7c28b5632391a0192cf9	earlier_round_in_this_session_or_its_source_record	本会话前轮快照或其哈希/证书采纳记录，保留版本而不替换。
20	rounds/B699-D-i3-round20-cubic-A-central-closure-20260924/sources/OVERVIEW-2026-09-22.md.txt	4ad5a387242d834c57d08cebf011ed82507bd5f9bf661589a323f98b480c56c5	user_supplied_shared_navigation_snapshot	原轮次包内已附输入快照，不计为本会话新研究轮次；未另外加入 Project 导航原件。
20	rounds/B699-D-i3-round20-cubic-A-central-closure-20260924/sources/ROUND10_PROOFS.md	25f85e80bcc4b8d312e4fdb65b2139e359dc45e55add8187674e46e335dc9754	pre_session_historical_dependency_snapshot	仅保留原轮次 ZIP 内已有历史源快照；不是本会话生成的 Round 10/11/12 研究交付。
20	rounds/B699-D-i3-round20-cubic-A-central-closure-20260924/sources/ROUND11_PROOFS.md	61415060069cd580a3de7789579b63e043369d7f4fcd8a860acaabc53553d1f8	pre_session_historical_dependency_snapshot	仅保留原轮次 ZIP 内已有历史源快照；不是本会话生成的 Round 10/11/12 研究交付。
20	rounds/B699-D-i3-round20-cubic-A-central-closure-20260924/sources/ROUND19_FAILURES.md	81fa664b89d267a952fb34fec7ee17817ea3e51234963a2a3c573ce2333d1803	earlier_round_in_this_session_or_its_source_record	本会话前轮快照或其哈希/证书采纳记录，保留版本而不替换。
20	rounds/B699-D-i3-round20-cubic-A-central-closure-20260924/sources/ROUND19_HANDOFF.md	c4b9dfe4860b40a918529615563465d77d6d4d24cc466250c5ac3e41b130555e	earlier_round_in_this_session_or_its_source_record	本会话前轮快照或其哈希/证书采纳记录，保留版本而不替换。
20	rounds/B699-D-i3-round20-cubic-A-central-closure-20260924/sources/ROUND19_PROOFS.md	56859119919754f38bc734140d5638817860dcd35261605481b93709412d4020	earlier_round_in_this_session_or_its_source_record	本会话前轮快照或其哈希/证书采纳记录，保留版本而不替换。
20	rounds/B699-D-i3-round20-cubic-A-central-closure-20260924/sources/ROUND19_REPORT.md	8e0cef1ea61399f1164fc09aa96db962682f1f1b17d1c3026809a84c44520ef5	earlier_round_in_this_session_or_its_source_record	本会话前轮快照或其哈希/证书采纳记录，保留版本而不替换。
20	rounds/B699-D-i3-round20-cubic-A-central-closure-20260924/sources/SOURCE_REGISTRY.json	bdcca284d4658137cb89f8d3c648ab30d44ba439a48c3f56a2db79ee2cbd2364	source_adoption_metadata_or_theorem_interface	随本轮原证据包保存的来源说明/接口/注册表，未在本次归档补充外部材料。
21	rounds/B699-D-i3-round21-negative-JB-cone-closure-20260924/sources/OVERVIEW-2026-09-22.md.txt	4ad5a387242d834c57d08cebf011ed82507bd5f9bf661589a323f98b480c56c5	user_supplied_shared_navigation_snapshot	原轮次包内已附输入快照，不计为本会话新研究轮次；未另外加入 Project 导航原件。
21	rounds/B699-D-i3-round21-negative-JB-cone-closure-20260924/sources/REGISTRY.json	9bafebf55215e8f60bfa0327572fcff8b138b02993daf1031df36ec8e176c1fd	source_adoption_metadata_or_theorem_interface	随本轮原证据包保存的来源说明/接口/注册表，未在本次归档补充外部材料。
21	rounds/B699-D-i3-round21-negative-JB-cone-closure-20260924/sources/ROUND10_PROOFS.md	25f85e80bcc4b8d312e4fdb65b2139e359dc45e55add8187674e46e335dc9754	pre_session_historical_dependency_snapshot	仅保留原轮次 ZIP 内已有历史源快照；不是本会话生成的 Round 10/11/12 研究交付。
21	rounds/B699-D-i3-round21-negative-JB-cone-closure-20260924/sources/ROUND19_PROOFS.md	56859119919754f38bc734140d5638817860dcd35261605481b93709412d4020	earlier_round_in_this_session_or_its_source_record	本会话前轮快照或其哈希/证书采纳记录，保留版本而不替换。
21	rounds/B699-D-i3-round21-negative-JB-cone-closure-20260924/sources/ROUND20_FAILURES.md	f6fabe44ca5132080fc22ff7847efbfec8889ea6b99cf94ac7b45f447b778a8d	earlier_round_in_this_session_or_its_source_record	本会话前轮快照或其哈希/证书采纳记录，保留版本而不替换。
21	rounds/B699-D-i3-round21-negative-JB-cone-closure-20260924/sources/ROUND20_HANDOFF.md	c144c64190bbb2653231264cc14cbd0330089035c42da82971d96a1b350bed5d	earlier_round_in_this_session_or_its_source_record	本会话前轮快照或其哈希/证书采纳记录，保留版本而不替换。
21	rounds/B699-D-i3-round21-negative-JB-cone-closure-20260924/sources/ROUND20_PROOFS.md	57fd64b4ce5f2ad8eff813d8c8b424cd77e82367b87a5b3e93c47c5da5c569a7	earlier_round_in_this_session_or_its_source_record	本会话前轮快照或其哈希/证书采纳记录，保留版本而不替换。
22	rounds/B699-D-i3-round22-remainder-septic-cone-20260924/sources/OVERVIEW-2026-09-22.md.txt	4ad5a387242d834c57d08cebf011ed82507bd5f9bf661589a323f98b480c56c5	user_supplied_shared_navigation_snapshot	原轮次包内已附输入快照，不计为本会话新研究轮次；未另外加入 Project 导航原件。
22	rounds/B699-D-i3-round22-remainder-septic-cone-20260924/sources/REGISTRY.json	28719511920f9be0ee8f251e1689233a609a6322a524e1cd3e4efa18662fece6	source_adoption_metadata_or_theorem_interface	随本轮原证据包保存的来源说明/接口/注册表，未在本次归档补充外部材料。
22	rounds/B699-D-i3-round22-remainder-septic-cone-20260924/sources/ROUND20_PROOFS.md	57fd64b4ce5f2ad8eff813d8c8b424cd77e82367b87a5b3e93c47c5da5c569a7	earlier_round_in_this_session_or_its_source_record	本会话前轮快照或其哈希/证书采纳记录，保留版本而不替换。
22	rounds/B699-D-i3-round22-remainder-septic-cone-20260924/sources/ROUND21_FAILURES.md	0ed0edd0cdfc6b84b16b27eb09f6cf4acab336fc6a71f21852028faa9a76738c	earlier_round_in_this_session_or_its_source_record	本会话前轮快照或其哈希/证书采纳记录，保留版本而不替换。
22	rounds/B699-D-i3-round22-remainder-septic-cone-20260924/sources/ROUND21_HANDOFF.md	0b22df201b0b475b3e549adcfbe67d0f9bad3a07af241dfebcd97b0b8e915ca1	earlier_round_in_this_session_or_its_source_record	本会话前轮快照或其哈希/证书采纳记录，保留版本而不替换。
22	rounds/B699-D-i3-round22-remainder-septic-cone-20260924/sources/ROUND21_PROOFS.md	9e9b68fe4ce42d058e44f5199d71c7d1b021a504bfd6798c6ff835cb40c8ec11	earlier_round_in_this_session_or_its_source_record	本会话前轮快照或其哈希/证书采纳记录，保留版本而不替换。
