idx	h	E	options
589	53	0	0:48,
666	57	0	0:44,
667	57	0	0:52,
672	57	0	0:44,
792	61	0	0:56,
875	63	0	0:52,
887	65	0	0:65,
898	65	0	0:64,
931	67	0	0:60,
934	67	0	0:48,
976	70	0	0:68,
1019	72	0	0:72,
1027	73	0	0:72,
1036	73	0	0:66,
1037	73	0	0:68,
1039	73	0	0:64,
1056	75	0	0:73,
1067	75	0	0:68,
1091	77	0	0:68,
1093	77	0	0:76,
1100	77	0	0:56,
1101	77	0	0:64,
1102	77	0	0:72,
1103	77	0	0:60,
1108	77	0	0:76,
1135	79	0	0:77,
1156	80	0	0:80,
1160	81	0	0:80,
1163	81	0	0:68,
1168	82	0	0:80,
1177	82	0	0:81,
1195	83	0	0:76,
1198	83	0	0:68,
1205	85	0	0:72,
1208	85	0	0:80,
1224	85	0	0:85,
1226	85	0	0:85,
1229	85	0	0:76,
1230	85	0	0:84,
1235	85	0	0:65,
1250	85	0	0:84,
1294	87	0	0:72,
1295	87	0	0:80,
1297	87	0	0:64,
1309	89	0	0:76,
1311	89	0	0:84,
1318	89	0	0:89,
1319	89	0	0:89,
1320	89	0	0:80,
1336	90	0	0:88,
1339	90	0	0:84,
1346	91	0	0:84,
1350	92	0	0:88,
1358	93	0	0:72,
1360	93	0	0:80,
1361	93	0	0:88,
1363	93	0	0:88,
1367	93	0	0:80,
1368	93	0	0:85,
1369	93	0	0:76,
1370	93	0	0:93,
1372	93	0	0:88,
1388	94	0	0:92,
1392	95	0	0:92,
1395	95	0	0:80,
1402	97	0	0:80,
1405	97	0	0:88,
1407	97	0	0:96,
1411	97	0	0:96,
1421	97	0	0:68,
1423	97	0	0:76,
1424	97	0	0:86,
1426	97	0	0:84,
1427	97	0	0:92,
1430	97	0	0:76,
1431	97	0	0:76,
1432	97	0	0:72,
1433	97	0	0:82,
1436	97	0	0:96,
1445	97	0	0:84,
1446	97	0	0:92,
1448	97	0	0:92,
1453	97	0	0:92,
1466	97	0	0:92,
1469	97	0	0:92,
1487	98	0	0:88,
1491	99	0	0:93,
1492	99	0	0:96,
1493	99	0	0:96,
1494	99	0	0:98,
1501	100	0	0:96,
1505	101	0	0:92,
1506	101	0	0:100,
1508	101	0	0:80,
1509	101	0	0:100,
1512	102	0	0:96,
1515	102	0	0:84,
1520	103	0	0:88,
1522	103	0	0:96,
1529	103	0	0:84,
1530	103	0	0:92,
1531	103	0	0:92,
1532	103	0	0:94,
1548	105	0	0:88,
1549	105	0	0:96,
1550	105	0	0:104,
1551	105	0	0:76,
1552	105	0	0:96,
1556	106	0	0:104,
1584	107	0	0:84,
1586	107	0	0:92,
1587	107	0	0:100,
1589	107	0	0:100,
1593	107	0	0:80,
1594	107	0	0:88,
1595	107	0	0:88,
1596	107	0	0:85,
1598	107	0	0:100,
1601	107	0	0:96,
1607	107	0	0:104,
1610	108	0	0:104,
1612	109	0	0:104,
1615	109	0	0:92,
1619	110	0	0:100,
1620	110	0	0:108,
1622	110	0	0:100,
1623	110	0	0:108,
1626	111	0	0:96,
1627	111	0	0:104,
1629	111	0	0:92,
1630	111	0	0:104,
1633	112	0	0:112,
1636	112	0	0:100,
1641	113	0	0:88,
1643	113	0	0:96,
1644	113	0	0:104,
1646	113	0	0:100,
1647	113	0	0:108,
1650	113	0	0:96,
1651	113	0	0:101,
1652	113	0	0:88,
1653	113	0	0:109,
1655	113	0	0:104,
1656	113	0	0:112,
1661	113	0	0:112,
1667	114	0	0:104,
1670	115	0	0:104,
1672	115	0	0:112,
1679	115	0	0:92,
1680	115	0	0:100,
1681	115	0	0:108,
1682	115	0	0:88,
1684	115	0	0:112,
1687	115	0	0:100,
1699	117	0	0:84,
1701	117	0	0:92,
1702	117	0	0:100,
1704	117	0	0:96,
1705	117	0	0:104,
1706	117	0	0:112,
1708	117	0	0:92,
1709	117	0	0:92,
1710	117	0	0:84,
1711	117	0	0:98,
1713	117	0	0:100,
1714	117	0	0:108,
1715	117	0	0:112,
1716	117	0	0:105,
1717	117	0	0:108,
1719	117	0	0:108,
1720	117	0	0:116,
1722	117	0	0:108,
1726	118	0	0:112,
1729	118	0	0:100,
1732	119	0	0:108,
1734	120	0	0:112,
1735	120	0	0:120,
1736	120	0	0:120,
1737	120	0	0:117,
1738	120	0	0:120,
1742	121	0	0:104,
1744	121	0	0:112,
1745	121	0	0:120,
1747	121	0	0:120,
1751	121	0	0:96,
1752	121	0	0:104,
1753	121	0	0:108,
1754	121	0	0:104,
1756	121	0	0:112,
1757	121	0	0:120,
1759	121	0	0:104,
1765	121	0	0:120,
1769	122	0	0:108,
1770	122	0	0:116,
1772	122	0	0:96,
1775	123	0	0:104,
1777	124	0	0:120,
1780	124	0	0:117,
1785	125	0	0:100,
1787	125	0	0:108,
1788	125	0	0:116,
1790	125	0	0:116,
1791	125	0	0:124,
1794	125	0	0:92,
1795	125	0	0:100,
1796	125	0	0:104,
1797	125	0	0:92,
1799	125	0	0:108,
1800	125	0	0:116,
1801	125	0	0:124,
1802	125	0	0:101,
1803	125	0	0:124,
1805	125	0	0:124,
1808	125	0	0:117,
1811	126	0	0:120,
1814	127	0	0:96,
1816	127	0	0:104,
1817	127	0	0:112,
1819	127	0	0:112,
1820	127	0	0:120,
1823	127	0	0:96,
1824	127	0	0:104,
1825	127	0	0:100,
1826	127	0	0:101,
1828	127	0	0:112,
1829	127	0	0:120,
1831	127	0	0:112,
1832	127	0	0:120,
1834	127	0	0:120,
1837	127	0	0:120,
1840	128	0	0:116,
1842	129	0	0:104,
1843	129	0	0:112,
1844	129	0	0:120,
1845	129	0	0:96,
1846	129	0	0:120,
1847	129	0	0:129,
1849	130	0	0:128,
1852	130	0	0:116,
1856	131	0	0:108,
1857	131	0	0:116,
1858	131	0	0:124,
1859	131	0	0:108,
1860	131	0	0:116,
1862	132	0	0:112,
1865	133	0	0:112,
1867	133	0	0:120,
1868	133	0	0:128,
1870	133	0	0:128,
1874	133	0	0:100,
1875	133	0	0:108,
1876	133	0	0:116,
1877	133	0	0:95,
1879	133	0	0:128,
1882	133	0	0:117,
1888	133	0	0:124,
1892	134	0	0:120,
1893	134	0	0:128,
1894	134	0	0:132,
1895	134	0	0:120,
1899	135	0	0:104,
1900	135	0	0:112,
1901	135	0	0:120,
1902	135	0	0:104,
1903	135	0	0:112,
1904	135	0	0:128,
1905	136	0	0:136,
1907	137	0	0:108,
1908	137	0	0:116,
1909	137	0	0:124,
1910	137	0	0:96,
1911	137	0	0:124,
1912	137	0	0:132,
1914	138	0	0:116,
1915	138	0	0:125,
1916	138	0	0:128,
1917	138	0	0:116,
1918	138	0	0:132,
1921	139	0	0:120,
1922	139	0	0:128,
1923	139	0	0:136,
1924	139	0	0:108,
1925	139	0	0:136,
1927	140	0	0:132,
1929	141	0	0:112,
1930	141	0	0:120,
1931	141	0	0:120,
1932	141	0	0:117,
1933	141	0	0:120,
1934	141	0	0:136,
1937	142	0	0:120,
1939	142	0	0:128,
1940	142	0	0:137,
1942	142	0	0:136,
1946	142	0	0:112,
1947	142	0	0:123,
1948	142	0	0:124,
1949	142	0	0:113,
1951	142	0	0:136,
1954	142	0	0:129,
1960	142	0	0:140,
1964	143	0	0:116,
1965	143	0	0:124,
1966	143	0	0:132,
1967	143	0	0:104,
1968	143	0	0:132,
1969	143	0	0:140,
1972	145	0	0:112,
1974	145	0	0:120,
1975	145	0	0:128,
1977	145	0	0:128,
1978	145	0	0:136,
1979	145	0	0:144,
1980	145	1	1:143,
1981	145	0	0:108,
1982	145	0	0:116,
1983	145	0	0:116,
1984	145	0	0:108,
1986	145	0	0:120,
1987	145	0	0:128,
1988	145	0	0:136,
1989	145	0	0:116,
1990	145	0	0:136,
1992	145	0	0:136,
1993	145	0	0:144,
1995	145	0	0:132,
1996	145	0	0:144,
1998	146	0	0:132,
1999	147	1	1:147,
2000	147	0	0:112,
2001	147	0	0:120,
2002	147	0	0:128,
2003	147	0	0:102,
2004	147	0	0:128,
2005	147	0	0:136,
2007	148	0	0:128,
2008	148	0	0:136,
2009	148	0	0:144,
2010	148	0	0:128,
2011	148	0	0:144,
2014	149	0	0:116,
2015	149	0	0:124,
2016	149	0	0:132,
2017	149	0	0:112,
2018	149	0	0:132,
2019	149	0	0:140,
2020	150	0	0:128,
2022	151	0	0:136,
2023	151	0	0:144,
2025	151	0	0:124,
2026	151	0	0:144,
2029	152	0	0:124,
2030	152	0	0:133,
2031	152	0	0:140,
2032	152	0	0:124,
2033	152	0	0:140,
2034	152	0	0:149,
