condition	point	a	b	pivot	pivot_value	weight_before
0	0	0	0	0	1	0
1	0	0	1	1	1	2
2	0	1	0	0	1	1
3	0	2	0	0	1	2
4	1	0	0	2	1	4
5	2	0	0	3	215	6
6	2	0	1	-1	0	-1
7	2	0	2	-1	0	-1
8	2	0	3	-1	0	-1
9	2	1	0	1	259	3
10	2	1	1	2	259	5
11	2	1	2	3	259	7
12	2	2	0	1	259	4
13	2	2	1	2	259	6
14	2	3	0	0	1	3
15	3	0	0	-1	0	-1
16	3	0	1	-1	0	-1
17	3	1	0	-1	0	-1
18	5	0	0	0	1	4
19	5	0	1	1	262	5
20	5	0	2	2	262	7
21	5	1	0	0	1	5
22	5	1	1	1	262	6
23	5	2	0	0	1	6
24	6	0	0	3	255	8
25	7	0	0	-1	0	-1
26	7	0	1	-1	0	-1
27	7	0	2	-1	0	-1
28	7	0	3	-1	0	-1
29	7	1	0	2	227	8
30	7	1	1	3	36	9
31	7	1	2	-1	0	-1
32	7	2	0	1	6	7
33	7	2	1	2	6	9
34	7	3	0	0	1	7
35	8	0	0	-1	0	-1
36	8	0	1	-1	0	-1
37	8	1	0	-1	0	-1
38	10	0	0	0	16	8
39	10	0	1	1	8	8
40	10	0	2	2	8	10
41	10	1	0	0	16	9
42	10	1	1	1	8	9
43	10	2	0	0	16	10
44	11	0	0	3	155	10
45	12	0	0	-1	0	-1
46	12	0	1	-1	0	-1
47	12	0	2	-1	0	-1
48	12	0	3	-1	0	-1
49	12	1	0	2	249	11
50	12	1	1	3	256	11
51	12	1	2	-1	0	-1
52	12	2	0	1	199	10
53	12	2	1	2	199	12
54	12	3	0	0	16	11
55	13	0	0	1	38	11
56	13	0	1	0	155	12
57	13	1	0	1	38	12
58	15	0	0	3	146	12
59	15	0	1	2	231	13
60	15	0	2	-1	0	-1
61	15	1	0	0	122	13
62	15	1	1	3	132	13
63	15	2	0	1	19	13
64	16	0	0	0	132	14
65	17	0	0	1	82	14
66	17	0	1	2	17	14
67	17	0	2	3	64	14
68	17	0	3	-1	0	-1
69	17	1	0	0	17	15
70	17	1	1	1	44	15
71	17	1	2	2	42	15
72	17	2	0	3	27	15
73	17	2	1	0	56	16
74	17	3	0	1	257	16
75	18	0	0	-1	0	-1
76	18	0	1	-1	0	-1
77	18	1	0	2	227	16
78	20	0	0	3	151	16
79	20	0	1	0	179	17
80	20	0	2	1	116	17
81	20	1	0	2	98	17
82	20	1	1	3	68	17
83	20	2	0	0	34	18
