source_index	source_path	source_module	bundle_index	bundle_path	bundle_module
0	research/tasks/B699-Binomial/runs/20260911-low-index-lean-513dc7cc/lean/Row055Data.lean	research.tasks.«B699-Binomial».runs.«20260911-low-index-lean-513dc7cc».lean.Row055Data	0	research/tasks/B699-Binomial/runs/20260911-low-index-lean-513dc7cc/lean/rows/Row055B64/Block000.lean	research.tasks.«B699-Binomial».runs.«20260911-low-index-lean-513dc7cc».lean.rows.Row055B64.Block000
1	research/tasks/B699-Binomial/runs/20260911-low-index-lean-513dc7cc/lean/rows/Row055/Goods000.lean	research.tasks.«B699-Binomial».runs.«20260911-low-index-lean-513dc7cc».lean.rows.Row055.Goods000	0	research/tasks/B699-Binomial/runs/20260911-low-index-lean-513dc7cc/lean/rows/Row055B64/Block000.lean	research.tasks.«B699-Binomial».runs.«20260911-low-index-lean-513dc7cc».lean.rows.Row055B64.Block000
2	research/tasks/B699-Binomial/runs/20260911-low-index-lean-513dc7cc/lean/rows/Row055/Goods016.lean	research.tasks.«B699-Binomial».runs.«20260911-low-index-lean-513dc7cc».lean.rows.Row055.Goods016	0	research/tasks/B699-Binomial/runs/20260911-low-index-lean-513dc7cc/lean/rows/Row055B64/Block000.lean	research.tasks.«B699-Binomial».runs.«20260911-low-index-lean-513dc7cc».lean.rows.Row055B64.Block000
3	research/tasks/B699-Binomial/runs/20260911-low-index-lean-513dc7cc/lean/rows/Row055/Goods032.lean	research.tasks.«B699-Binomial».runs.«20260911-low-index-lean-513dc7cc».lean.rows.Row055.Goods032	0	research/tasks/B699-Binomial/runs/20260911-low-index-lean-513dc7cc/lean/rows/Row055B64/Block000.lean	research.tasks.«B699-Binomial».runs.«20260911-low-index-lean-513dc7cc».lean.rows.Row055B64.Block000
4	research/tasks/B699-Binomial/runs/20260911-low-index-lean-513dc7cc/lean/rows/Row055/Goods048.lean	research.tasks.«B699-Binomial».runs.«20260911-low-index-lean-513dc7cc».lean.rows.Row055.Goods048	0	research/tasks/B699-Binomial/runs/20260911-low-index-lean-513dc7cc/lean/rows/Row055B64/Block000.lean	research.tasks.«B699-Binomial».runs.«20260911-low-index-lean-513dc7cc».lean.rows.Row055B64.Block000
5	research/tasks/B699-Binomial/runs/20260911-low-index-lean-513dc7cc/lean/rows/Row055/Goods064.lean	research.tasks.«B699-Binomial».runs.«20260911-low-index-lean-513dc7cc».lean.rows.Row055.Goods064	0	research/tasks/B699-Binomial/runs/20260911-low-index-lean-513dc7cc/lean/rows/Row055B64/Block000.lean	research.tasks.«B699-Binomial».runs.«20260911-low-index-lean-513dc7cc».lean.rows.Row055B64.Block000
6	research/tasks/B699-Binomial/runs/20260911-low-index-lean-513dc7cc/lean/rows/Row055/Goods080.lean	research.tasks.«B699-Binomial».runs.«20260911-low-index-lean-513dc7cc».lean.rows.Row055.Goods080	0	research/tasks/B699-Binomial/runs/20260911-low-index-lean-513dc7cc/lean/rows/Row055B64/Block000.lean	research.tasks.«B699-Binomial».runs.«20260911-low-index-lean-513dc7cc».lean.rows.Row055B64.Block000
7	research/tasks/B699-Binomial/runs/20260911-low-index-lean-513dc7cc/lean/rows/Row055/Goods096.lean	research.tasks.«B699-Binomial».runs.«20260911-low-index-lean-513dc7cc».lean.rows.Row055.Goods096	0	research/tasks/B699-Binomial/runs/20260911-low-index-lean-513dc7cc/lean/rows/Row055B64/Block000.lean	research.tasks.«B699-Binomial».runs.«20260911-low-index-lean-513dc7cc».lean.rows.Row055B64.Block000
8	research/tasks/B699-Binomial/runs/20260911-low-index-lean-513dc7cc/lean/rows/Row055/Goods112.lean	research.tasks.«B699-Binomial».runs.«20260911-low-index-lean-513dc7cc».lean.rows.Row055.Goods112	0	research/tasks/B699-Binomial/runs/20260911-low-index-lean-513dc7cc/lean/rows/Row055B64/Block000.lean	research.tasks.«B699-Binomial».runs.«20260911-low-index-lean-513dc7cc».lean.rows.Row055B64.Block000
9	research/tasks/B699-Binomial/runs/20260911-low-index-lean-513dc7cc/lean/rows/Row055/Goods128.lean	research.tasks.«B699-Binomial».runs.«20260911-low-index-lean-513dc7cc».lean.rows.Row055.Goods128	0	research/tasks/B699-Binomial/runs/20260911-low-index-lean-513dc7cc/lean/rows/Row055B64/Block000.lean	research.tasks.«B699-Binomial».runs.«20260911-low-index-lean-513dc7cc».lean.rows.Row055B64.Block000
10	research/tasks/B699-Binomial/runs/20260911-low-index-lean-513dc7cc/lean/rows/Row055/Goods144.lean	research.tasks.«B699-Binomial».runs.«20260911-low-index-lean-513dc7cc».lean.rows.Row055.Goods144	0	research/tasks/B699-Binomial/runs/20260911-low-index-lean-513dc7cc/lean/rows/Row055B64/Block000.lean	research.tasks.«B699-Binomial».runs.«20260911-low-index-lean-513dc7cc».lean.rows.Row055B64.Block000
11	research/tasks/B699-Binomial/runs/20260911-low-index-lean-513dc7cc/lean/rows/Row055/Goods160.lean	research.tasks.«B699-Binomial».runs.«20260911-low-index-lean-513dc7cc».lean.rows.Row055.Goods160	0	research/tasks/B699-Binomial/runs/20260911-low-index-lean-513dc7cc/lean/rows/Row055B64/Block000.lean	research.tasks.«B699-Binomial».runs.«20260911-low-index-lean-513dc7cc».lean.rows.Row055B64.Block000
12	research/tasks/B699-Binomial/runs/20260911-low-index-lean-513dc7cc/lean/rows/Row055/Goods176.lean	research.tasks.«B699-Binomial».runs.«20260911-low-index-lean-513dc7cc».lean.rows.Row055.Goods176	0	research/tasks/B699-Binomial/runs/20260911-low-index-lean-513dc7cc/lean/rows/Row055B64/Block000.lean	research.tasks.«B699-Binomial».runs.«20260911-low-index-lean-513dc7cc».lean.rows.Row055B64.Block000
13	research/tasks/B699-Binomial/runs/20260911-low-index-lean-513dc7cc/lean/rows/Row055/Goods192.lean	research.tasks.«B699-Binomial».runs.«20260911-low-index-lean-513dc7cc».lean.rows.Row055.Goods192	0	research/tasks/B699-Binomial/runs/20260911-low-index-lean-513dc7cc/lean/rows/Row055B64/Block000.lean	research.tasks.«B699-Binomial».runs.«20260911-low-index-lean-513dc7cc».lean.rows.Row055B64.Block000
14	research/tasks/B699-Binomial/runs/20260911-low-index-lean-513dc7cc/lean/rows/Row055/Goods208.lean	research.tasks.«B699-Binomial».runs.«20260911-low-index-lean-513dc7cc».lean.rows.Row055.Goods208	0	research/tasks/B699-Binomial/runs/20260911-low-index-lean-513dc7cc/lean/rows/Row055B64/Block000.lean	research.tasks.«B699-Binomial».runs.«20260911-low-index-lean-513dc7cc».lean.rows.Row055B64.Block000
15	research/tasks/B699-Binomial/runs/20260911-low-index-lean-513dc7cc/lean/rows/Row055/Goods224.lean	research.tasks.«B699-Binomial».runs.«20260911-low-index-lean-513dc7cc».lean.rows.Row055.Goods224	0	research/tasks/B699-Binomial/runs/20260911-low-index-lean-513dc7cc/lean/rows/Row055B64/Block000.lean	research.tasks.«B699-Binomial».runs.«20260911-low-index-lean-513dc7cc».lean.rows.Row055B64.Block000
16	research/tasks/B699-Binomial/runs/20260911-low-index-lean-513dc7cc/lean/rows/Row055/Goods240.lean	research.tasks.«B699-Binomial».runs.«20260911-low-index-lean-513dc7cc».lean.rows.Row055.Goods240	0	research/tasks/B699-Binomial/runs/20260911-low-index-lean-513dc7cc/lean/rows/Row055B64/Block000.lean	research.tasks.«B699-Binomial».runs.«20260911-low-index-lean-513dc7cc».lean.rows.Row055B64.Block000
17	research/tasks/B699-Binomial/runs/20260911-low-index-lean-513dc7cc/lean/rows/Row055/GoodsChecked.lean	research.tasks.«B699-Binomial».runs.«20260911-low-index-lean-513dc7cc».lean.rows.Row055.GoodsChecked	0	research/tasks/B699-Binomial/runs/20260911-low-index-lean-513dc7cc/lean/rows/Row055B64/Block000.lean	research.tasks.«B699-Binomial».runs.«20260911-low-index-lean-513dc7cc».lean.rows.Row055B64.Block000
18	research/tasks/B699-Binomial/runs/20260911-low-index-lean-513dc7cc/lean/rows/Row055/Metadata.lean	research.tasks.«B699-Binomial».runs.«20260911-low-index-lean-513dc7cc».lean.rows.Row055.Metadata	0	research/tasks/B699-Binomial/runs/20260911-low-index-lean-513dc7cc/lean/rows/Row055B64/Block000.lean	research.tasks.«B699-Binomial».runs.«20260911-low-index-lean-513dc7cc».lean.rows.Row055B64.Block000
19	research/tasks/B699-Binomial/runs/20260911-low-index-lean-513dc7cc/lean/rows/Row055/Geometry.lean	research.tasks.«B699-Binomial».runs.«20260911-low-index-lean-513dc7cc».lean.rows.Row055.Geometry	0	research/tasks/B699-Binomial/runs/20260911-low-index-lean-513dc7cc/lean/rows/Row055B64/Block000.lean	research.tasks.«B699-Binomial».runs.«20260911-low-index-lean-513dc7cc».lean.rows.Row055B64.Block000
20	research/tasks/B699-Binomial/runs/20260911-low-index-lean-513dc7cc/lean/rows/Row055/Layer000Data.lean	research.tasks.«B699-Binomial».runs.«20260911-low-index-lean-513dc7cc».lean.rows.Row055.Layer000Data	0	research/tasks/B699-Binomial/runs/20260911-low-index-lean-513dc7cc/lean/rows/Row055B64/Block000.lean	research.tasks.«B699-Binomial».runs.«20260911-low-index-lean-513dc7cc».lean.rows.Row055B64.Block000
21	research/tasks/B699-Binomial/runs/20260911-low-index-lean-513dc7cc/lean/rows/Row055/Layer000Arithmetic.lean	research.tasks.«B699-Binomial».runs.«20260911-low-index-lean-513dc7cc».lean.rows.Row055.Layer000Arithmetic	0	research/tasks/B699-Binomial/runs/20260911-low-index-lean-513dc7cc/lean/rows/Row055B64/Block000.lean	research.tasks.«B699-Binomial».runs.«20260911-low-index-lean-513dc7cc».lean.rows.Row055B64.Block000
22	research/tasks/B699-Binomial/runs/20260911-low-index-lean-513dc7cc/lean/rows/Row055/Layer000Enumeration.lean	research.tasks.«B699-Binomial».runs.«20260911-low-index-lean-513dc7cc».lean.rows.Row055.Layer000Enumeration	0	research/tasks/B699-Binomial/runs/20260911-low-index-lean-513dc7cc/lean/rows/Row055B64/Block000.lean	research.tasks.«B699-Binomial».runs.«20260911-low-index-lean-513dc7cc».lean.rows.Row055B64.Block000
23	research/tasks/B699-Binomial/runs/20260911-low-index-lean-513dc7cc/lean/rows/Row055/Layer000PairBlock000.lean	research.tasks.«B699-Binomial».runs.«20260911-low-index-lean-513dc7cc».lean.rows.Row055.Layer000PairBlock000	0	research/tasks/B699-Binomial/runs/20260911-low-index-lean-513dc7cc/lean/rows/Row055B64/Block000.lean	research.tasks.«B699-Binomial».runs.«20260911-low-index-lean-513dc7cc».lean.rows.Row055B64.Block000
24	research/tasks/B699-Binomial/runs/20260911-low-index-lean-513dc7cc/lean/rows/Row055/Layer000PairBlock001.lean	research.tasks.«B699-Binomial».runs.«20260911-low-index-lean-513dc7cc».lean.rows.Row055.Layer000PairBlock001	0	research/tasks/B699-Binomial/runs/20260911-low-index-lean-513dc7cc/lean/rows/Row055B64/Block000.lean	research.tasks.«B699-Binomial».runs.«20260911-low-index-lean-513dc7cc».lean.rows.Row055B64.Block000
25	research/tasks/B699-Binomial/runs/20260911-low-index-lean-513dc7cc/lean/rows/Row055/Layer000PairBlock002.lean	research.tasks.«B699-Binomial».runs.«20260911-low-index-lean-513dc7cc».lean.rows.Row055.Layer000PairBlock002	0	research/tasks/B699-Binomial/runs/20260911-low-index-lean-513dc7cc/lean/rows/Row055B64/Block000.lean	research.tasks.«B699-Binomial».runs.«20260911-low-index-lean-513dc7cc».lean.rows.Row055B64.Block000
26	research/tasks/B699-Binomial/runs/20260911-low-index-lean-513dc7cc/lean/rows/Row055/Layer000PairBlock003.lean	research.tasks.«B699-Binomial».runs.«20260911-low-index-lean-513dc7cc».lean.rows.Row055.Layer000PairBlock003	0	research/tasks/B699-Binomial/runs/20260911-low-index-lean-513dc7cc/lean/rows/Row055B64/Block000.lean	research.tasks.«B699-Binomial».runs.«20260911-low-index-lean-513dc7cc».lean.rows.Row055B64.Block000
27	research/tasks/B699-Binomial/runs/20260911-low-index-lean-513dc7cc/lean/rows/Row055/Layer000PairBlock004.lean	research.tasks.«B699-Binomial».runs.«20260911-low-index-lean-513dc7cc».lean.rows.Row055.Layer000PairBlock004	0	research/tasks/B699-Binomial/runs/20260911-low-index-lean-513dc7cc/lean/rows/Row055B64/Block000.lean	research.tasks.«B699-Binomial».runs.«20260911-low-index-lean-513dc7cc».lean.rows.Row055B64.Block000
28	research/tasks/B699-Binomial/runs/20260911-low-index-lean-513dc7cc/lean/rows/Row055/Layer000PairBlock005.lean	research.tasks.«B699-Binomial».runs.«20260911-low-index-lean-513dc7cc».lean.rows.Row055.Layer000PairBlock005	0	research/tasks/B699-Binomial/runs/20260911-low-index-lean-513dc7cc/lean/rows/Row055B64/Block000.lean	research.tasks.«B699-Binomial».runs.«20260911-low-index-lean-513dc7cc».lean.rows.Row055B64.Block000
29	research/tasks/B699-Binomial/runs/20260911-low-index-lean-513dc7cc/lean/rows/Row055/Layer000PairBlock006.lean	research.tasks.«B699-Binomial».runs.«20260911-low-index-lean-513dc7cc».lean.rows.Row055.Layer000PairBlock006	0	research/tasks/B699-Binomial/runs/20260911-low-index-lean-513dc7cc/lean/rows/Row055B64/Block000.lean	research.tasks.«B699-Binomial».runs.«20260911-low-index-lean-513dc7cc».lean.rows.Row055B64.Block000
30	research/tasks/B699-Binomial/runs/20260911-low-index-lean-513dc7cc/lean/rows/Row055/Layer000PairBlock007.lean	research.tasks.«B699-Binomial».runs.«20260911-low-index-lean-513dc7cc».lean.rows.Row055.Layer000PairBlock007	0	research/tasks/B699-Binomial/runs/20260911-low-index-lean-513dc7cc/lean/rows/Row055B64/Block000.lean	research.tasks.«B699-Binomial».runs.«20260911-low-index-lean-513dc7cc».lean.rows.Row055B64.Block000
31	research/tasks/B699-Binomial/runs/20260911-low-index-lean-513dc7cc/lean/rows/Row055/Layer000Pairs.lean	research.tasks.«B699-Binomial».runs.«20260911-low-index-lean-513dc7cc».lean.rows.Row055.Layer000Pairs	0	research/tasks/B699-Binomial/runs/20260911-low-index-lean-513dc7cc/lean/rows/Row055B64/Block000.lean	research.tasks.«B699-Binomial».runs.«20260911-low-index-lean-513dc7cc».lean.rows.Row055B64.Block000
32	research/tasks/B699-Binomial/runs/20260911-low-index-lean-513dc7cc/lean/rows/Row055/Layer000Checked.lean	research.tasks.«B699-Binomial».runs.«20260911-low-index-lean-513dc7cc».lean.rows.Row055.Layer000Checked	0	research/tasks/B699-Binomial/runs/20260911-low-index-lean-513dc7cc/lean/rows/Row055B64/Block000.lean	research.tasks.«B699-Binomial».runs.«20260911-low-index-lean-513dc7cc».lean.rows.Row055B64.Block000
33	research/tasks/B699-Binomial/runs/20260911-low-index-lean-513dc7cc/lean/rows/Row055/Layer001Data.lean	research.tasks.«B699-Binomial».runs.«20260911-low-index-lean-513dc7cc».lean.rows.Row055.Layer001Data	0	research/tasks/B699-Binomial/runs/20260911-low-index-lean-513dc7cc/lean/rows/Row055B64/Block000.lean	research.tasks.«B699-Binomial».runs.«20260911-low-index-lean-513dc7cc».lean.rows.Row055B64.Block000
34	research/tasks/B699-Binomial/runs/20260911-low-index-lean-513dc7cc/lean/rows/Row055/Layer001Arithmetic.lean	research.tasks.«B699-Binomial».runs.«20260911-low-index-lean-513dc7cc».lean.rows.Row055.Layer001Arithmetic	0	research/tasks/B699-Binomial/runs/20260911-low-index-lean-513dc7cc/lean/rows/Row055B64/Block000.lean	research.tasks.«B699-Binomial».runs.«20260911-low-index-lean-513dc7cc».lean.rows.Row055B64.Block000
35	research/tasks/B699-Binomial/runs/20260911-low-index-lean-513dc7cc/lean/rows/Row055/Layer001Enumeration.lean	research.tasks.«B699-Binomial».runs.«20260911-low-index-lean-513dc7cc».lean.rows.Row055.Layer001Enumeration	0	research/tasks/B699-Binomial/runs/20260911-low-index-lean-513dc7cc/lean/rows/Row055B64/Block000.lean	research.tasks.«B699-Binomial».runs.«20260911-low-index-lean-513dc7cc».lean.rows.Row055B64.Block000
36	research/tasks/B699-Binomial/runs/20260911-low-index-lean-513dc7cc/lean/rows/Row055/Layer001PairBlock000.lean	research.tasks.«B699-Binomial».runs.«20260911-low-index-lean-513dc7cc».lean.rows.Row055.Layer001PairBlock000	0	research/tasks/B699-Binomial/runs/20260911-low-index-lean-513dc7cc/lean/rows/Row055B64/Block000.lean	research.tasks.«B699-Binomial».runs.«20260911-low-index-lean-513dc7cc».lean.rows.Row055B64.Block000
37	research/tasks/B699-Binomial/runs/20260911-low-index-lean-513dc7cc/lean/rows/Row055/Layer001PairBlock001.lean	research.tasks.«B699-Binomial».runs.«20260911-low-index-lean-513dc7cc».lean.rows.Row055.Layer001PairBlock001	0	research/tasks/B699-Binomial/runs/20260911-low-index-lean-513dc7cc/lean/rows/Row055B64/Block000.lean	research.tasks.«B699-Binomial».runs.«20260911-low-index-lean-513dc7cc».lean.rows.Row055B64.Block000
38	research/tasks/B699-Binomial/runs/20260911-low-index-lean-513dc7cc/lean/rows/Row055/Layer001PairBlock002.lean	research.tasks.«B699-Binomial».runs.«20260911-low-index-lean-513dc7cc».lean.rows.Row055.Layer001PairBlock002	0	research/tasks/B699-Binomial/runs/20260911-low-index-lean-513dc7cc/lean/rows/Row055B64/Block000.lean	research.tasks.«B699-Binomial».runs.«20260911-low-index-lean-513dc7cc».lean.rows.Row055B64.Block000
39	research/tasks/B699-Binomial/runs/20260911-low-index-lean-513dc7cc/lean/rows/Row055/Layer001PairBlock003.lean	research.tasks.«B699-Binomial».runs.«20260911-low-index-lean-513dc7cc».lean.rows.Row055.Layer001PairBlock003	0	research/tasks/B699-Binomial/runs/20260911-low-index-lean-513dc7cc/lean/rows/Row055B64/Block000.lean	research.tasks.«B699-Binomial».runs.«20260911-low-index-lean-513dc7cc».lean.rows.Row055B64.Block000
40	research/tasks/B699-Binomial/runs/20260911-low-index-lean-513dc7cc/lean/rows/Row055/Layer001PairBlock004.lean	research.tasks.«B699-Binomial».runs.«20260911-low-index-lean-513dc7cc».lean.rows.Row055.Layer001PairBlock004	0	research/tasks/B699-Binomial/runs/20260911-low-index-lean-513dc7cc/lean/rows/Row055B64/Block000.lean	research.tasks.«B699-Binomial».runs.«20260911-low-index-lean-513dc7cc».lean.rows.Row055B64.Block000
41	research/tasks/B699-Binomial/runs/20260911-low-index-lean-513dc7cc/lean/rows/Row055/Layer001PairBlock005.lean	research.tasks.«B699-Binomial».runs.«20260911-low-index-lean-513dc7cc».lean.rows.Row055.Layer001PairBlock005	0	research/tasks/B699-Binomial/runs/20260911-low-index-lean-513dc7cc/lean/rows/Row055B64/Block000.lean	research.tasks.«B699-Binomial».runs.«20260911-low-index-lean-513dc7cc».lean.rows.Row055B64.Block000
42	research/tasks/B699-Binomial/runs/20260911-low-index-lean-513dc7cc/lean/rows/Row055/Layer001PairBlock006.lean	research.tasks.«B699-Binomial».runs.«20260911-low-index-lean-513dc7cc».lean.rows.Row055.Layer001PairBlock006	0	research/tasks/B699-Binomial/runs/20260911-low-index-lean-513dc7cc/lean/rows/Row055B64/Block000.lean	research.tasks.«B699-Binomial».runs.«20260911-low-index-lean-513dc7cc».lean.rows.Row055B64.Block000
43	research/tasks/B699-Binomial/runs/20260911-low-index-lean-513dc7cc/lean/rows/Row055/Layer001PairBlock007.lean	research.tasks.«B699-Binomial».runs.«20260911-low-index-lean-513dc7cc».lean.rows.Row055.Layer001PairBlock007	0	research/tasks/B699-Binomial/runs/20260911-low-index-lean-513dc7cc/lean/rows/Row055B64/Block000.lean	research.tasks.«B699-Binomial».runs.«20260911-low-index-lean-513dc7cc».lean.rows.Row055B64.Block000
44	research/tasks/B699-Binomial/runs/20260911-low-index-lean-513dc7cc/lean/rows/Row055/Layer001PairBlock008.lean	research.tasks.«B699-Binomial».runs.«20260911-low-index-lean-513dc7cc».lean.rows.Row055.Layer001PairBlock008	0	research/tasks/B699-Binomial/runs/20260911-low-index-lean-513dc7cc/lean/rows/Row055B64/Block000.lean	research.tasks.«B699-Binomial».runs.«20260911-low-index-lean-513dc7cc».lean.rows.Row055B64.Block000
45	research/tasks/B699-Binomial/runs/20260911-low-index-lean-513dc7cc/lean/rows/Row055/Layer001PairBlock009.lean	research.tasks.«B699-Binomial».runs.«20260911-low-index-lean-513dc7cc».lean.rows.Row055.Layer001PairBlock009	0	research/tasks/B699-Binomial/runs/20260911-low-index-lean-513dc7cc/lean/rows/Row055B64/Block000.lean	research.tasks.«B699-Binomial».runs.«20260911-low-index-lean-513dc7cc».lean.rows.Row055B64.Block000
46	research/tasks/B699-Binomial/runs/20260911-low-index-lean-513dc7cc/lean/rows/Row055/Layer001PairBlock010.lean	research.tasks.«B699-Binomial».runs.«20260911-low-index-lean-513dc7cc».lean.rows.Row055.Layer001PairBlock010	0	research/tasks/B699-Binomial/runs/20260911-low-index-lean-513dc7cc/lean/rows/Row055B64/Block000.lean	research.tasks.«B699-Binomial».runs.«20260911-low-index-lean-513dc7cc».lean.rows.Row055B64.Block000
47	research/tasks/B699-Binomial/runs/20260911-low-index-lean-513dc7cc/lean/rows/Row055/Layer001Pairs.lean	research.tasks.«B699-Binomial».runs.«20260911-low-index-lean-513dc7cc».lean.rows.Row055.Layer001Pairs	0	research/tasks/B699-Binomial/runs/20260911-low-index-lean-513dc7cc/lean/rows/Row055B64/Block000.lean	research.tasks.«B699-Binomial».runs.«20260911-low-index-lean-513dc7cc».lean.rows.Row055B64.Block000
48	research/tasks/B699-Binomial/runs/20260911-low-index-lean-513dc7cc/lean/rows/Row055/Layer001Checked.lean	research.tasks.«B699-Binomial».runs.«20260911-low-index-lean-513dc7cc».lean.rows.Row055.Layer001Checked	0	research/tasks/B699-Binomial/runs/20260911-low-index-lean-513dc7cc/lean/rows/Row055B64/Block000.lean	research.tasks.«B699-Binomial».runs.«20260911-low-index-lean-513dc7cc».lean.rows.Row055B64.Block000
49	research/tasks/B699-Binomial/runs/20260911-low-index-lean-513dc7cc/lean/rows/Row055/Layer002Data.lean	research.tasks.«B699-Binomial».runs.«20260911-low-index-lean-513dc7cc».lean.rows.Row055.Layer002Data	0	research/tasks/B699-Binomial/runs/20260911-low-index-lean-513dc7cc/lean/rows/Row055B64/Block000.lean	research.tasks.«B699-Binomial».runs.«20260911-low-index-lean-513dc7cc».lean.rows.Row055B64.Block000
50	research/tasks/B699-Binomial/runs/20260911-low-index-lean-513dc7cc/lean/rows/Row055/Layer002Arithmetic.lean	research.tasks.«B699-Binomial».runs.«20260911-low-index-lean-513dc7cc».lean.rows.Row055.Layer002Arithmetic	0	research/tasks/B699-Binomial/runs/20260911-low-index-lean-513dc7cc/lean/rows/Row055B64/Block000.lean	research.tasks.«B699-Binomial».runs.«20260911-low-index-lean-513dc7cc».lean.rows.Row055B64.Block000
51	research/tasks/B699-Binomial/runs/20260911-low-index-lean-513dc7cc/lean/rows/Row055/Layer002Enumeration.lean	research.tasks.«B699-Binomial».runs.«20260911-low-index-lean-513dc7cc».lean.rows.Row055.Layer002Enumeration	0	research/tasks/B699-Binomial/runs/20260911-low-index-lean-513dc7cc/lean/rows/Row055B64/Block000.lean	research.tasks.«B699-Binomial».runs.«20260911-low-index-lean-513dc7cc».lean.rows.Row055B64.Block000
52	research/tasks/B699-Binomial/runs/20260911-low-index-lean-513dc7cc/lean/rows/Row055/Layer002PairBlock000.lean	research.tasks.«B699-Binomial».runs.«20260911-low-index-lean-513dc7cc».lean.rows.Row055.Layer002PairBlock000	0	research/tasks/B699-Binomial/runs/20260911-low-index-lean-513dc7cc/lean/rows/Row055B64/Block000.lean	research.tasks.«B699-Binomial».runs.«20260911-low-index-lean-513dc7cc».lean.rows.Row055B64.Block000
53	research/tasks/B699-Binomial/runs/20260911-low-index-lean-513dc7cc/lean/rows/Row055/Layer002PairBlock001.lean	research.tasks.«B699-Binomial».runs.«20260911-low-index-lean-513dc7cc».lean.rows.Row055.Layer002PairBlock001	0	research/tasks/B699-Binomial/runs/20260911-low-index-lean-513dc7cc/lean/rows/Row055B64/Block000.lean	research.tasks.«B699-Binomial».runs.«20260911-low-index-lean-513dc7cc».lean.rows.Row055B64.Block000
54	research/tasks/B699-Binomial/runs/20260911-low-index-lean-513dc7cc/lean/rows/Row055/Layer002PairBlock002.lean	research.tasks.«B699-Binomial».runs.«20260911-low-index-lean-513dc7cc».lean.rows.Row055.Layer002PairBlock002	0	research/tasks/B699-Binomial/runs/20260911-low-index-lean-513dc7cc/lean/rows/Row055B64/Block000.lean	research.tasks.«B699-Binomial».runs.«20260911-low-index-lean-513dc7cc».lean.rows.Row055B64.Block000
55	research/tasks/B699-Binomial/runs/20260911-low-index-lean-513dc7cc/lean/rows/Row055/Layer002PairBlock003.lean	research.tasks.«B699-Binomial».runs.«20260911-low-index-lean-513dc7cc».lean.rows.Row055.Layer002PairBlock003	0	research/tasks/B699-Binomial/runs/20260911-low-index-lean-513dc7cc/lean/rows/Row055B64/Block000.lean	research.tasks.«B699-Binomial».runs.«20260911-low-index-lean-513dc7cc».lean.rows.Row055B64.Block000
56	research/tasks/B699-Binomial/runs/20260911-low-index-lean-513dc7cc/lean/rows/Row055/Layer002PairBlock004.lean	research.tasks.«B699-Binomial».runs.«20260911-low-index-lean-513dc7cc».lean.rows.Row055.Layer002PairBlock004	0	research/tasks/B699-Binomial/runs/20260911-low-index-lean-513dc7cc/lean/rows/Row055B64/Block000.lean	research.tasks.«B699-Binomial».runs.«20260911-low-index-lean-513dc7cc».lean.rows.Row055B64.Block000
57	research/tasks/B699-Binomial/runs/20260911-low-index-lean-513dc7cc/lean/rows/Row055/Layer002PairBlock005.lean	research.tasks.«B699-Binomial».runs.«20260911-low-index-lean-513dc7cc».lean.rows.Row055.Layer002PairBlock005	0	research/tasks/B699-Binomial/runs/20260911-low-index-lean-513dc7cc/lean/rows/Row055B64/Block000.lean	research.tasks.«B699-Binomial».runs.«20260911-low-index-lean-513dc7cc».lean.rows.Row055B64.Block000
58	research/tasks/B699-Binomial/runs/20260911-low-index-lean-513dc7cc/lean/rows/Row055/Layer002PairBlock006.lean	research.tasks.«B699-Binomial».runs.«20260911-low-index-lean-513dc7cc».lean.rows.Row055.Layer002PairBlock006	0	research/tasks/B699-Binomial/runs/20260911-low-index-lean-513dc7cc/lean/rows/Row055B64/Block000.lean	research.tasks.«B699-Binomial».runs.«20260911-low-index-lean-513dc7cc».lean.rows.Row055B64.Block000
59	research/tasks/B699-Binomial/runs/20260911-low-index-lean-513dc7cc/lean/rows/Row055/Layer002PairBlock007.lean	research.tasks.«B699-Binomial».runs.«20260911-low-index-lean-513dc7cc».lean.rows.Row055.Layer002PairBlock007	0	research/tasks/B699-Binomial/runs/20260911-low-index-lean-513dc7cc/lean/rows/Row055B64/Block000.lean	research.tasks.«B699-Binomial».runs.«20260911-low-index-lean-513dc7cc».lean.rows.Row055B64.Block000
60	research/tasks/B699-Binomial/runs/20260911-low-index-lean-513dc7cc/lean/rows/Row055/Layer002PairBlock008.lean	research.tasks.«B699-Binomial».runs.«20260911-low-index-lean-513dc7cc».lean.rows.Row055.Layer002PairBlock008	0	research/tasks/B699-Binomial/runs/20260911-low-index-lean-513dc7cc/lean/rows/Row055B64/Block000.lean	research.tasks.«B699-Binomial».runs.«20260911-low-index-lean-513dc7cc».lean.rows.Row055B64.Block000
61	research/tasks/B699-Binomial/runs/20260911-low-index-lean-513dc7cc/lean/rows/Row055/Layer002Pairs.lean	research.tasks.«B699-Binomial».runs.«20260911-low-index-lean-513dc7cc».lean.rows.Row055.Layer002Pairs	0	research/tasks/B699-Binomial/runs/20260911-low-index-lean-513dc7cc/lean/rows/Row055B64/Block000.lean	research.tasks.«B699-Binomial».runs.«20260911-low-index-lean-513dc7cc».lean.rows.Row055B64.Block000
62	research/tasks/B699-Binomial/runs/20260911-low-index-lean-513dc7cc/lean/rows/Row055/Layer002Checked.lean	research.tasks.«B699-Binomial».runs.«20260911-low-index-lean-513dc7cc».lean.rows.Row055.Layer002Checked	0	research/tasks/B699-Binomial/runs/20260911-low-index-lean-513dc7cc/lean/rows/Row055B64/Block000.lean	research.tasks.«B699-Binomial».runs.«20260911-low-index-lean-513dc7cc».lean.rows.Row055B64.Block000
63	research/tasks/B699-Binomial/runs/20260911-low-index-lean-513dc7cc/lean/rows/Row055/Layer003Data.lean	research.tasks.«B699-Binomial».runs.«20260911-low-index-lean-513dc7cc».lean.rows.Row055.Layer003Data	0	research/tasks/B699-Binomial/runs/20260911-low-index-lean-513dc7cc/lean/rows/Row055B64/Block000.lean	research.tasks.«B699-Binomial».runs.«20260911-low-index-lean-513dc7cc».lean.rows.Row055B64.Block000
64	research/tasks/B699-Binomial/runs/20260911-low-index-lean-513dc7cc/lean/rows/Row055/Layer003Arithmetic.lean	research.tasks.«B699-Binomial».runs.«20260911-low-index-lean-513dc7cc».lean.rows.Row055.Layer003Arithmetic	1	research/tasks/B699-Binomial/runs/20260911-low-index-lean-513dc7cc/lean/rows/Row055B64/Block001.lean	research.tasks.«B699-Binomial».runs.«20260911-low-index-lean-513dc7cc».lean.rows.Row055B64.Block001
65	research/tasks/B699-Binomial/runs/20260911-low-index-lean-513dc7cc/lean/rows/Row055/Layer003Enumeration.lean	research.tasks.«B699-Binomial».runs.«20260911-low-index-lean-513dc7cc».lean.rows.Row055.Layer003Enumeration	1	research/tasks/B699-Binomial/runs/20260911-low-index-lean-513dc7cc/lean/rows/Row055B64/Block001.lean	research.tasks.«B699-Binomial».runs.«20260911-low-index-lean-513dc7cc».lean.rows.Row055B64.Block001
66	research/tasks/B699-Binomial/runs/20260911-low-index-lean-513dc7cc/lean/rows/Row055/Layer003PairBlock000.lean	research.tasks.«B699-Binomial».runs.«20260911-low-index-lean-513dc7cc».lean.rows.Row055.Layer003PairBlock000	1	research/tasks/B699-Binomial/runs/20260911-low-index-lean-513dc7cc/lean/rows/Row055B64/Block001.lean	research.tasks.«B699-Binomial».runs.«20260911-low-index-lean-513dc7cc».lean.rows.Row055B64.Block001
67	research/tasks/B699-Binomial/runs/20260911-low-index-lean-513dc7cc/lean/rows/Row055/Layer003PairBlock001.lean	research.tasks.«B699-Binomial».runs.«20260911-low-index-lean-513dc7cc».lean.rows.Row055.Layer003PairBlock001	1	research/tasks/B699-Binomial/runs/20260911-low-index-lean-513dc7cc/lean/rows/Row055B64/Block001.lean	research.tasks.«B699-Binomial».runs.«20260911-low-index-lean-513dc7cc».lean.rows.Row055B64.Block001
68	research/tasks/B699-Binomial/runs/20260911-low-index-lean-513dc7cc/lean/rows/Row055/Layer003PairBlock002.lean	research.tasks.«B699-Binomial».runs.«20260911-low-index-lean-513dc7cc».lean.rows.Row055.Layer003PairBlock002	1	research/tasks/B699-Binomial/runs/20260911-low-index-lean-513dc7cc/lean/rows/Row055B64/Block001.lean	research.tasks.«B699-Binomial».runs.«20260911-low-index-lean-513dc7cc».lean.rows.Row055B64.Block001
69	research/tasks/B699-Binomial/runs/20260911-low-index-lean-513dc7cc/lean/rows/Row055/Layer003PairBlock003.lean	research.tasks.«B699-Binomial».runs.«20260911-low-index-lean-513dc7cc».lean.rows.Row055.Layer003PairBlock003	1	research/tasks/B699-Binomial/runs/20260911-low-index-lean-513dc7cc/lean/rows/Row055B64/Block001.lean	research.tasks.«B699-Binomial».runs.«20260911-low-index-lean-513dc7cc».lean.rows.Row055B64.Block001
70	research/tasks/B699-Binomial/runs/20260911-low-index-lean-513dc7cc/lean/rows/Row055/Layer003PairBlock004.lean	research.tasks.«B699-Binomial».runs.«20260911-low-index-lean-513dc7cc».lean.rows.Row055.Layer003PairBlock004	1	research/tasks/B699-Binomial/runs/20260911-low-index-lean-513dc7cc/lean/rows/Row055B64/Block001.lean	research.tasks.«B699-Binomial».runs.«20260911-low-index-lean-513dc7cc».lean.rows.Row055B64.Block001
71	research/tasks/B699-Binomial/runs/20260911-low-index-lean-513dc7cc/lean/rows/Row055/Layer003PairBlock005.lean	research.tasks.«B699-Binomial».runs.«20260911-low-index-lean-513dc7cc».lean.rows.Row055.Layer003PairBlock005	1	research/tasks/B699-Binomial/runs/20260911-low-index-lean-513dc7cc/lean/rows/Row055B64/Block001.lean	research.tasks.«B699-Binomial».runs.«20260911-low-index-lean-513dc7cc».lean.rows.Row055B64.Block001
72	research/tasks/B699-Binomial/runs/20260911-low-index-lean-513dc7cc/lean/rows/Row055/Layer003PairBlock006.lean	research.tasks.«B699-Binomial».runs.«20260911-low-index-lean-513dc7cc».lean.rows.Row055.Layer003PairBlock006	1	research/tasks/B699-Binomial/runs/20260911-low-index-lean-513dc7cc/lean/rows/Row055B64/Block001.lean	research.tasks.«B699-Binomial».runs.«20260911-low-index-lean-513dc7cc».lean.rows.Row055B64.Block001
73	research/tasks/B699-Binomial/runs/20260911-low-index-lean-513dc7cc/lean/rows/Row055/Layer003PairBlock007.lean	research.tasks.«B699-Binomial».runs.«20260911-low-index-lean-513dc7cc».lean.rows.Row055.Layer003PairBlock007	1	research/tasks/B699-Binomial/runs/20260911-low-index-lean-513dc7cc/lean/rows/Row055B64/Block001.lean	research.tasks.«B699-Binomial».runs.«20260911-low-index-lean-513dc7cc».lean.rows.Row055B64.Block001
74	research/tasks/B699-Binomial/runs/20260911-low-index-lean-513dc7cc/lean/rows/Row055/Layer003PairBlock008.lean	research.tasks.«B699-Binomial».runs.«20260911-low-index-lean-513dc7cc».lean.rows.Row055.Layer003PairBlock008	1	research/tasks/B699-Binomial/runs/20260911-low-index-lean-513dc7cc/lean/rows/Row055B64/Block001.lean	research.tasks.«B699-Binomial».runs.«20260911-low-index-lean-513dc7cc».lean.rows.Row055B64.Block001
75	research/tasks/B699-Binomial/runs/20260911-low-index-lean-513dc7cc/lean/rows/Row055/Layer003Pairs.lean	research.tasks.«B699-Binomial».runs.«20260911-low-index-lean-513dc7cc».lean.rows.Row055.Layer003Pairs	1	research/tasks/B699-Binomial/runs/20260911-low-index-lean-513dc7cc/lean/rows/Row055B64/Block001.lean	research.tasks.«B699-Binomial».runs.«20260911-low-index-lean-513dc7cc».lean.rows.Row055B64.Block001
76	research/tasks/B699-Binomial/runs/20260911-low-index-lean-513dc7cc/lean/rows/Row055/Layer003Checked.lean	research.tasks.«B699-Binomial».runs.«20260911-low-index-lean-513dc7cc».lean.rows.Row055.Layer003Checked	1	research/tasks/B699-Binomial/runs/20260911-low-index-lean-513dc7cc/lean/rows/Row055B64/Block001.lean	research.tasks.«B699-Binomial».runs.«20260911-low-index-lean-513dc7cc».lean.rows.Row055B64.Block001
77	research/tasks/B699-Binomial/runs/20260911-low-index-lean-513dc7cc/lean/rows/Row055/Layers000.lean	research.tasks.«B699-Binomial».runs.«20260911-low-index-lean-513dc7cc».lean.rows.Row055.Layers000	1	research/tasks/B699-Binomial/runs/20260911-low-index-lean-513dc7cc/lean/rows/Row055B64/Block001.lean	research.tasks.«B699-Binomial».runs.«20260911-low-index-lean-513dc7cc».lean.rows.Row055B64.Block001
78	research/tasks/B699-Binomial/runs/20260911-low-index-lean-513dc7cc/lean/rows/Row055/Layer004Data.lean	research.tasks.«B699-Binomial».runs.«20260911-low-index-lean-513dc7cc».lean.rows.Row055.Layer004Data	1	research/tasks/B699-Binomial/runs/20260911-low-index-lean-513dc7cc/lean/rows/Row055B64/Block001.lean	research.tasks.«B699-Binomial».runs.«20260911-low-index-lean-513dc7cc».lean.rows.Row055B64.Block001
79	research/tasks/B699-Binomial/runs/20260911-low-index-lean-513dc7cc/lean/rows/Row055/Layer004Arithmetic.lean	research.tasks.«B699-Binomial».runs.«20260911-low-index-lean-513dc7cc».lean.rows.Row055.Layer004Arithmetic	1	research/tasks/B699-Binomial/runs/20260911-low-index-lean-513dc7cc/lean/rows/Row055B64/Block001.lean	research.tasks.«B699-Binomial».runs.«20260911-low-index-lean-513dc7cc».lean.rows.Row055B64.Block001
80	research/tasks/B699-Binomial/runs/20260911-low-index-lean-513dc7cc/lean/rows/Row055/Layer004Enumeration.lean	research.tasks.«B699-Binomial».runs.«20260911-low-index-lean-513dc7cc».lean.rows.Row055.Layer004Enumeration	1	research/tasks/B699-Binomial/runs/20260911-low-index-lean-513dc7cc/lean/rows/Row055B64/Block001.lean	research.tasks.«B699-Binomial».runs.«20260911-low-index-lean-513dc7cc».lean.rows.Row055B64.Block001
81	research/tasks/B699-Binomial/runs/20260911-low-index-lean-513dc7cc/lean/rows/Row055/Layer004PairBlock000.lean	research.tasks.«B699-Binomial».runs.«20260911-low-index-lean-513dc7cc».lean.rows.Row055.Layer004PairBlock000	1	research/tasks/B699-Binomial/runs/20260911-low-index-lean-513dc7cc/lean/rows/Row055B64/Block001.lean	research.tasks.«B699-Binomial».runs.«20260911-low-index-lean-513dc7cc».lean.rows.Row055B64.Block001
82	research/tasks/B699-Binomial/runs/20260911-low-index-lean-513dc7cc/lean/rows/Row055/Layer004PairBlock001.lean	research.tasks.«B699-Binomial».runs.«20260911-low-index-lean-513dc7cc».lean.rows.Row055.Layer004PairBlock001	1	research/tasks/B699-Binomial/runs/20260911-low-index-lean-513dc7cc/lean/rows/Row055B64/Block001.lean	research.tasks.«B699-Binomial».runs.«20260911-low-index-lean-513dc7cc».lean.rows.Row055B64.Block001
83	research/tasks/B699-Binomial/runs/20260911-low-index-lean-513dc7cc/lean/rows/Row055/Layer004PairBlock002.lean	research.tasks.«B699-Binomial».runs.«20260911-low-index-lean-513dc7cc».lean.rows.Row055.Layer004PairBlock002	1	research/tasks/B699-Binomial/runs/20260911-low-index-lean-513dc7cc/lean/rows/Row055B64/Block001.lean	research.tasks.«B699-Binomial».runs.«20260911-low-index-lean-513dc7cc».lean.rows.Row055B64.Block001
84	research/tasks/B699-Binomial/runs/20260911-low-index-lean-513dc7cc/lean/rows/Row055/Layer004PairBlock003.lean	research.tasks.«B699-Binomial».runs.«20260911-low-index-lean-513dc7cc».lean.rows.Row055.Layer004PairBlock003	1	research/tasks/B699-Binomial/runs/20260911-low-index-lean-513dc7cc/lean/rows/Row055B64/Block001.lean	research.tasks.«B699-Binomial».runs.«20260911-low-index-lean-513dc7cc».lean.rows.Row055B64.Block001
85	research/tasks/B699-Binomial/runs/20260911-low-index-lean-513dc7cc/lean/rows/Row055/Layer004PairBlock004.lean	research.tasks.«B699-Binomial».runs.«20260911-low-index-lean-513dc7cc».lean.rows.Row055.Layer004PairBlock004	1	research/tasks/B699-Binomial/runs/20260911-low-index-lean-513dc7cc/lean/rows/Row055B64/Block001.lean	research.tasks.«B699-Binomial».runs.«20260911-low-index-lean-513dc7cc».lean.rows.Row055B64.Block001
86	research/tasks/B699-Binomial/runs/20260911-low-index-lean-513dc7cc/lean/rows/Row055/Layer004PairBlock005.lean	research.tasks.«B699-Binomial».runs.«20260911-low-index-lean-513dc7cc».lean.rows.Row055.Layer004PairBlock005	1	research/tasks/B699-Binomial/runs/20260911-low-index-lean-513dc7cc/lean/rows/Row055B64/Block001.lean	research.tasks.«B699-Binomial».runs.«20260911-low-index-lean-513dc7cc».lean.rows.Row055B64.Block001
87	research/tasks/B699-Binomial/runs/20260911-low-index-lean-513dc7cc/lean/rows/Row055/Layer004Pairs.lean	research.tasks.«B699-Binomial».runs.«20260911-low-index-lean-513dc7cc».lean.rows.Row055.Layer004Pairs	1	research/tasks/B699-Binomial/runs/20260911-low-index-lean-513dc7cc/lean/rows/Row055B64/Block001.lean	research.tasks.«B699-Binomial».runs.«20260911-low-index-lean-513dc7cc».lean.rows.Row055B64.Block001
88	research/tasks/B699-Binomial/runs/20260911-low-index-lean-513dc7cc/lean/rows/Row055/Layer004Checked.lean	research.tasks.«B699-Binomial».runs.«20260911-low-index-lean-513dc7cc».lean.rows.Row055.Layer004Checked	1	research/tasks/B699-Binomial/runs/20260911-low-index-lean-513dc7cc/lean/rows/Row055B64/Block001.lean	research.tasks.«B699-Binomial».runs.«20260911-low-index-lean-513dc7cc».lean.rows.Row055B64.Block001
89	research/tasks/B699-Binomial/runs/20260911-low-index-lean-513dc7cc/lean/rows/Row055/Layer005Data.lean	research.tasks.«B699-Binomial».runs.«20260911-low-index-lean-513dc7cc».lean.rows.Row055.Layer005Data	1	research/tasks/B699-Binomial/runs/20260911-low-index-lean-513dc7cc/lean/rows/Row055B64/Block001.lean	research.tasks.«B699-Binomial».runs.«20260911-low-index-lean-513dc7cc».lean.rows.Row055B64.Block001
90	research/tasks/B699-Binomial/runs/20260911-low-index-lean-513dc7cc/lean/rows/Row055/Layer005Arithmetic.lean	research.tasks.«B699-Binomial».runs.«20260911-low-index-lean-513dc7cc».lean.rows.Row055.Layer005Arithmetic	1	research/tasks/B699-Binomial/runs/20260911-low-index-lean-513dc7cc/lean/rows/Row055B64/Block001.lean	research.tasks.«B699-Binomial».runs.«20260911-low-index-lean-513dc7cc».lean.rows.Row055B64.Block001
91	research/tasks/B699-Binomial/runs/20260911-low-index-lean-513dc7cc/lean/rows/Row055/Layer005Enumeration.lean	research.tasks.«B699-Binomial».runs.«20260911-low-index-lean-513dc7cc».lean.rows.Row055.Layer005Enumeration	1	research/tasks/B699-Binomial/runs/20260911-low-index-lean-513dc7cc/lean/rows/Row055B64/Block001.lean	research.tasks.«B699-Binomial».runs.«20260911-low-index-lean-513dc7cc».lean.rows.Row055B64.Block001
92	research/tasks/B699-Binomial/runs/20260911-low-index-lean-513dc7cc/lean/rows/Row055/Layer005PairBlock000.lean	research.tasks.«B699-Binomial».runs.«20260911-low-index-lean-513dc7cc».lean.rows.Row055.Layer005PairBlock000	1	research/tasks/B699-Binomial/runs/20260911-low-index-lean-513dc7cc/lean/rows/Row055B64/Block001.lean	research.tasks.«B699-Binomial».runs.«20260911-low-index-lean-513dc7cc».lean.rows.Row055B64.Block001
93	research/tasks/B699-Binomial/runs/20260911-low-index-lean-513dc7cc/lean/rows/Row055/Layer005PairBlock001.lean	research.tasks.«B699-Binomial».runs.«20260911-low-index-lean-513dc7cc».lean.rows.Row055.Layer005PairBlock001	1	research/tasks/B699-Binomial/runs/20260911-low-index-lean-513dc7cc/lean/rows/Row055B64/Block001.lean	research.tasks.«B699-Binomial».runs.«20260911-low-index-lean-513dc7cc».lean.rows.Row055B64.Block001
94	research/tasks/B699-Binomial/runs/20260911-low-index-lean-513dc7cc/lean/rows/Row055/Layer005PairBlock002.lean	research.tasks.«B699-Binomial».runs.«20260911-low-index-lean-513dc7cc».lean.rows.Row055.Layer005PairBlock002	1	research/tasks/B699-Binomial/runs/20260911-low-index-lean-513dc7cc/lean/rows/Row055B64/Block001.lean	research.tasks.«B699-Binomial».runs.«20260911-low-index-lean-513dc7cc».lean.rows.Row055B64.Block001
95	research/tasks/B699-Binomial/runs/20260911-low-index-lean-513dc7cc/lean/rows/Row055/Layer005PairBlock003.lean	research.tasks.«B699-Binomial».runs.«20260911-low-index-lean-513dc7cc».lean.rows.Row055.Layer005PairBlock003	1	research/tasks/B699-Binomial/runs/20260911-low-index-lean-513dc7cc/lean/rows/Row055B64/Block001.lean	research.tasks.«B699-Binomial».runs.«20260911-low-index-lean-513dc7cc».lean.rows.Row055B64.Block001
96	research/tasks/B699-Binomial/runs/20260911-low-index-lean-513dc7cc/lean/rows/Row055/Layer005PairBlock004.lean	research.tasks.«B699-Binomial».runs.«20260911-low-index-lean-513dc7cc».lean.rows.Row055.Layer005PairBlock004	1	research/tasks/B699-Binomial/runs/20260911-low-index-lean-513dc7cc/lean/rows/Row055B64/Block001.lean	research.tasks.«B699-Binomial».runs.«20260911-low-index-lean-513dc7cc».lean.rows.Row055B64.Block001
97	research/tasks/B699-Binomial/runs/20260911-low-index-lean-513dc7cc/lean/rows/Row055/Layer005PairBlock005.lean	research.tasks.«B699-Binomial».runs.«20260911-low-index-lean-513dc7cc».lean.rows.Row055.Layer005PairBlock005	1	research/tasks/B699-Binomial/runs/20260911-low-index-lean-513dc7cc/lean/rows/Row055B64/Block001.lean	research.tasks.«B699-Binomial».runs.«20260911-low-index-lean-513dc7cc».lean.rows.Row055B64.Block001
98	research/tasks/B699-Binomial/runs/20260911-low-index-lean-513dc7cc/lean/rows/Row055/Layer005Pairs.lean	research.tasks.«B699-Binomial».runs.«20260911-low-index-lean-513dc7cc».lean.rows.Row055.Layer005Pairs	1	research/tasks/B699-Binomial/runs/20260911-low-index-lean-513dc7cc/lean/rows/Row055B64/Block001.lean	research.tasks.«B699-Binomial».runs.«20260911-low-index-lean-513dc7cc».lean.rows.Row055B64.Block001
99	research/tasks/B699-Binomial/runs/20260911-low-index-lean-513dc7cc/lean/rows/Row055/Layer005Checked.lean	research.tasks.«B699-Binomial».runs.«20260911-low-index-lean-513dc7cc».lean.rows.Row055.Layer005Checked	1	research/tasks/B699-Binomial/runs/20260911-low-index-lean-513dc7cc/lean/rows/Row055B64/Block001.lean	research.tasks.«B699-Binomial».runs.«20260911-low-index-lean-513dc7cc».lean.rows.Row055B64.Block001
100	research/tasks/B699-Binomial/runs/20260911-low-index-lean-513dc7cc/lean/rows/Row055/Layer006Data.lean	research.tasks.«B699-Binomial».runs.«20260911-low-index-lean-513dc7cc».lean.rows.Row055.Layer006Data	1	research/tasks/B699-Binomial/runs/20260911-low-index-lean-513dc7cc/lean/rows/Row055B64/Block001.lean	research.tasks.«B699-Binomial».runs.«20260911-low-index-lean-513dc7cc».lean.rows.Row055B64.Block001
101	research/tasks/B699-Binomial/runs/20260911-low-index-lean-513dc7cc/lean/rows/Row055/Layer006Arithmetic.lean	research.tasks.«B699-Binomial».runs.«20260911-low-index-lean-513dc7cc».lean.rows.Row055.Layer006Arithmetic	1	research/tasks/B699-Binomial/runs/20260911-low-index-lean-513dc7cc/lean/rows/Row055B64/Block001.lean	research.tasks.«B699-Binomial».runs.«20260911-low-index-lean-513dc7cc».lean.rows.Row055B64.Block001
102	research/tasks/B699-Binomial/runs/20260911-low-index-lean-513dc7cc/lean/rows/Row055/Layer006Enumeration.lean	research.tasks.«B699-Binomial».runs.«20260911-low-index-lean-513dc7cc».lean.rows.Row055.Layer006Enumeration	1	research/tasks/B699-Binomial/runs/20260911-low-index-lean-513dc7cc/lean/rows/Row055B64/Block001.lean	research.tasks.«B699-Binomial».runs.«20260911-low-index-lean-513dc7cc».lean.rows.Row055B64.Block001
103	research/tasks/B699-Binomial/runs/20260911-low-index-lean-513dc7cc/lean/rows/Row055/Layer006PairBlock000.lean	research.tasks.«B699-Binomial».runs.«20260911-low-index-lean-513dc7cc».lean.rows.Row055.Layer006PairBlock000	1	research/tasks/B699-Binomial/runs/20260911-low-index-lean-513dc7cc/lean/rows/Row055B64/Block001.lean	research.tasks.«B699-Binomial».runs.«20260911-low-index-lean-513dc7cc».lean.rows.Row055B64.Block001
104	research/tasks/B699-Binomial/runs/20260911-low-index-lean-513dc7cc/lean/rows/Row055/Layer006PairBlock001.lean	research.tasks.«B699-Binomial».runs.«20260911-low-index-lean-513dc7cc».lean.rows.Row055.Layer006PairBlock001	1	research/tasks/B699-Binomial/runs/20260911-low-index-lean-513dc7cc/lean/rows/Row055B64/Block001.lean	research.tasks.«B699-Binomial».runs.«20260911-low-index-lean-513dc7cc».lean.rows.Row055B64.Block001
105	research/tasks/B699-Binomial/runs/20260911-low-index-lean-513dc7cc/lean/rows/Row055/Layer006PairBlock002.lean	research.tasks.«B699-Binomial».runs.«20260911-low-index-lean-513dc7cc».lean.rows.Row055.Layer006PairBlock002	1	research/tasks/B699-Binomial/runs/20260911-low-index-lean-513dc7cc/lean/rows/Row055B64/Block001.lean	research.tasks.«B699-Binomial».runs.«20260911-low-index-lean-513dc7cc».lean.rows.Row055B64.Block001
106	research/tasks/B699-Binomial/runs/20260911-low-index-lean-513dc7cc/lean/rows/Row055/Layer006PairBlock003.lean	research.tasks.«B699-Binomial».runs.«20260911-low-index-lean-513dc7cc».lean.rows.Row055.Layer006PairBlock003	1	research/tasks/B699-Binomial/runs/20260911-low-index-lean-513dc7cc/lean/rows/Row055B64/Block001.lean	research.tasks.«B699-Binomial».runs.«20260911-low-index-lean-513dc7cc».lean.rows.Row055B64.Block001
107	research/tasks/B699-Binomial/runs/20260911-low-index-lean-513dc7cc/lean/rows/Row055/Layer006PairBlock004.lean	research.tasks.«B699-Binomial».runs.«20260911-low-index-lean-513dc7cc».lean.rows.Row055.Layer006PairBlock004	1	research/tasks/B699-Binomial/runs/20260911-low-index-lean-513dc7cc/lean/rows/Row055B64/Block001.lean	research.tasks.«B699-Binomial».runs.«20260911-low-index-lean-513dc7cc».lean.rows.Row055B64.Block001
108	research/tasks/B699-Binomial/runs/20260911-low-index-lean-513dc7cc/lean/rows/Row055/Layer006PairBlock005.lean	research.tasks.«B699-Binomial».runs.«20260911-low-index-lean-513dc7cc».lean.rows.Row055.Layer006PairBlock005	1	research/tasks/B699-Binomial/runs/20260911-low-index-lean-513dc7cc/lean/rows/Row055B64/Block001.lean	research.tasks.«B699-Binomial».runs.«20260911-low-index-lean-513dc7cc».lean.rows.Row055B64.Block001
109	research/tasks/B699-Binomial/runs/20260911-low-index-lean-513dc7cc/lean/rows/Row055/Layer006Pairs.lean	research.tasks.«B699-Binomial».runs.«20260911-low-index-lean-513dc7cc».lean.rows.Row055.Layer006Pairs	1	research/tasks/B699-Binomial/runs/20260911-low-index-lean-513dc7cc/lean/rows/Row055B64/Block001.lean	research.tasks.«B699-Binomial».runs.«20260911-low-index-lean-513dc7cc».lean.rows.Row055B64.Block001
110	research/tasks/B699-Binomial/runs/20260911-low-index-lean-513dc7cc/lean/rows/Row055/Layer006Checked.lean	research.tasks.«B699-Binomial».runs.«20260911-low-index-lean-513dc7cc».lean.rows.Row055.Layer006Checked	1	research/tasks/B699-Binomial/runs/20260911-low-index-lean-513dc7cc/lean/rows/Row055B64/Block001.lean	research.tasks.«B699-Binomial».runs.«20260911-low-index-lean-513dc7cc».lean.rows.Row055B64.Block001
111	research/tasks/B699-Binomial/runs/20260911-low-index-lean-513dc7cc/lean/rows/Row055/Layer007Data.lean	research.tasks.«B699-Binomial».runs.«20260911-low-index-lean-513dc7cc».lean.rows.Row055.Layer007Data	1	research/tasks/B699-Binomial/runs/20260911-low-index-lean-513dc7cc/lean/rows/Row055B64/Block001.lean	research.tasks.«B699-Binomial».runs.«20260911-low-index-lean-513dc7cc».lean.rows.Row055B64.Block001
112	research/tasks/B699-Binomial/runs/20260911-low-index-lean-513dc7cc/lean/rows/Row055/Layer007Arithmetic.lean	research.tasks.«B699-Binomial».runs.«20260911-low-index-lean-513dc7cc».lean.rows.Row055.Layer007Arithmetic	1	research/tasks/B699-Binomial/runs/20260911-low-index-lean-513dc7cc/lean/rows/Row055B64/Block001.lean	research.tasks.«B699-Binomial».runs.«20260911-low-index-lean-513dc7cc».lean.rows.Row055B64.Block001
113	research/tasks/B699-Binomial/runs/20260911-low-index-lean-513dc7cc/lean/rows/Row055/Layer007Enumeration.lean	research.tasks.«B699-Binomial».runs.«20260911-low-index-lean-513dc7cc».lean.rows.Row055.Layer007Enumeration	1	research/tasks/B699-Binomial/runs/20260911-low-index-lean-513dc7cc/lean/rows/Row055B64/Block001.lean	research.tasks.«B699-Binomial».runs.«20260911-low-index-lean-513dc7cc».lean.rows.Row055B64.Block001
114	research/tasks/B699-Binomial/runs/20260911-low-index-lean-513dc7cc/lean/rows/Row055/Layer007PairBlock000.lean	research.tasks.«B699-Binomial».runs.«20260911-low-index-lean-513dc7cc».lean.rows.Row055.Layer007PairBlock000	1	research/tasks/B699-Binomial/runs/20260911-low-index-lean-513dc7cc/lean/rows/Row055B64/Block001.lean	research.tasks.«B699-Binomial».runs.«20260911-low-index-lean-513dc7cc».lean.rows.Row055B64.Block001
115	research/tasks/B699-Binomial/runs/20260911-low-index-lean-513dc7cc/lean/rows/Row055/Layer007PairBlock001.lean	research.tasks.«B699-Binomial».runs.«20260911-low-index-lean-513dc7cc».lean.rows.Row055.Layer007PairBlock001	1	research/tasks/B699-Binomial/runs/20260911-low-index-lean-513dc7cc/lean/rows/Row055B64/Block001.lean	research.tasks.«B699-Binomial».runs.«20260911-low-index-lean-513dc7cc».lean.rows.Row055B64.Block001
116	research/tasks/B699-Binomial/runs/20260911-low-index-lean-513dc7cc/lean/rows/Row055/Layer007PairBlock002.lean	research.tasks.«B699-Binomial».runs.«20260911-low-index-lean-513dc7cc».lean.rows.Row055.Layer007PairBlock002	1	research/tasks/B699-Binomial/runs/20260911-low-index-lean-513dc7cc/lean/rows/Row055B64/Block001.lean	research.tasks.«B699-Binomial».runs.«20260911-low-index-lean-513dc7cc».lean.rows.Row055B64.Block001
117	research/tasks/B699-Binomial/runs/20260911-low-index-lean-513dc7cc/lean/rows/Row055/Layer007PairBlock003.lean	research.tasks.«B699-Binomial».runs.«20260911-low-index-lean-513dc7cc».lean.rows.Row055.Layer007PairBlock003	1	research/tasks/B699-Binomial/runs/20260911-low-index-lean-513dc7cc/lean/rows/Row055B64/Block001.lean	research.tasks.«B699-Binomial».runs.«20260911-low-index-lean-513dc7cc».lean.rows.Row055B64.Block001
118	research/tasks/B699-Binomial/runs/20260911-low-index-lean-513dc7cc/lean/rows/Row055/Layer007PairBlock004.lean	research.tasks.«B699-Binomial».runs.«20260911-low-index-lean-513dc7cc».lean.rows.Row055.Layer007PairBlock004	1	research/tasks/B699-Binomial/runs/20260911-low-index-lean-513dc7cc/lean/rows/Row055B64/Block001.lean	research.tasks.«B699-Binomial».runs.«20260911-low-index-lean-513dc7cc».lean.rows.Row055B64.Block001
119	research/tasks/B699-Binomial/runs/20260911-low-index-lean-513dc7cc/lean/rows/Row055/Layer007PairBlock005.lean	research.tasks.«B699-Binomial».runs.«20260911-low-index-lean-513dc7cc».lean.rows.Row055.Layer007PairBlock005	1	research/tasks/B699-Binomial/runs/20260911-low-index-lean-513dc7cc/lean/rows/Row055B64/Block001.lean	research.tasks.«B699-Binomial».runs.«20260911-low-index-lean-513dc7cc».lean.rows.Row055B64.Block001
120	research/tasks/B699-Binomial/runs/20260911-low-index-lean-513dc7cc/lean/rows/Row055/Layer007Pairs.lean	research.tasks.«B699-Binomial».runs.«20260911-low-index-lean-513dc7cc».lean.rows.Row055.Layer007Pairs	1	research/tasks/B699-Binomial/runs/20260911-low-index-lean-513dc7cc/lean/rows/Row055B64/Block001.lean	research.tasks.«B699-Binomial».runs.«20260911-low-index-lean-513dc7cc».lean.rows.Row055B64.Block001
121	research/tasks/B699-Binomial/runs/20260911-low-index-lean-513dc7cc/lean/rows/Row055/Layer007Checked.lean	research.tasks.«B699-Binomial».runs.«20260911-low-index-lean-513dc7cc».lean.rows.Row055.Layer007Checked	1	research/tasks/B699-Binomial/runs/20260911-low-index-lean-513dc7cc/lean/rows/Row055B64/Block001.lean	research.tasks.«B699-Binomial».runs.«20260911-low-index-lean-513dc7cc».lean.rows.Row055B64.Block001
122	research/tasks/B699-Binomial/runs/20260911-low-index-lean-513dc7cc/lean/rows/Row055/Layers004.lean	research.tasks.«B699-Binomial».runs.«20260911-low-index-lean-513dc7cc».lean.rows.Row055.Layers004	1	research/tasks/B699-Binomial/runs/20260911-low-index-lean-513dc7cc/lean/rows/Row055B64/Block001.lean	research.tasks.«B699-Binomial».runs.«20260911-low-index-lean-513dc7cc».lean.rows.Row055B64.Block001
123	research/tasks/B699-Binomial/runs/20260911-low-index-lean-513dc7cc/lean/rows/Row055/Layer008Data.lean	research.tasks.«B699-Binomial».runs.«20260911-low-index-lean-513dc7cc».lean.rows.Row055.Layer008Data	1	research/tasks/B699-Binomial/runs/20260911-low-index-lean-513dc7cc/lean/rows/Row055B64/Block001.lean	research.tasks.«B699-Binomial».runs.«20260911-low-index-lean-513dc7cc».lean.rows.Row055B64.Block001
124	research/tasks/B699-Binomial/runs/20260911-low-index-lean-513dc7cc/lean/rows/Row055/Layer008Arithmetic.lean	research.tasks.«B699-Binomial».runs.«20260911-low-index-lean-513dc7cc».lean.rows.Row055.Layer008Arithmetic	1	research/tasks/B699-Binomial/runs/20260911-low-index-lean-513dc7cc/lean/rows/Row055B64/Block001.lean	research.tasks.«B699-Binomial».runs.«20260911-low-index-lean-513dc7cc».lean.rows.Row055B64.Block001
125	research/tasks/B699-Binomial/runs/20260911-low-index-lean-513dc7cc/lean/rows/Row055/Layer008Enumeration.lean	research.tasks.«B699-Binomial».runs.«20260911-low-index-lean-513dc7cc».lean.rows.Row055.Layer008Enumeration	1	research/tasks/B699-Binomial/runs/20260911-low-index-lean-513dc7cc/lean/rows/Row055B64/Block001.lean	research.tasks.«B699-Binomial».runs.«20260911-low-index-lean-513dc7cc».lean.rows.Row055B64.Block001
126	research/tasks/B699-Binomial/runs/20260911-low-index-lean-513dc7cc/lean/rows/Row055/Layer008PairBlock000.lean	research.tasks.«B699-Binomial».runs.«20260911-low-index-lean-513dc7cc».lean.rows.Row055.Layer008PairBlock000	1	research/tasks/B699-Binomial/runs/20260911-low-index-lean-513dc7cc/lean/rows/Row055B64/Block001.lean	research.tasks.«B699-Binomial».runs.«20260911-low-index-lean-513dc7cc».lean.rows.Row055B64.Block001
127	research/tasks/B699-Binomial/runs/20260911-low-index-lean-513dc7cc/lean/rows/Row055/Layer008PairBlock001.lean	research.tasks.«B699-Binomial».runs.«20260911-low-index-lean-513dc7cc».lean.rows.Row055.Layer008PairBlock001	1	research/tasks/B699-Binomial/runs/20260911-low-index-lean-513dc7cc/lean/rows/Row055B64/Block001.lean	research.tasks.«B699-Binomial».runs.«20260911-low-index-lean-513dc7cc».lean.rows.Row055B64.Block001
128	research/tasks/B699-Binomial/runs/20260911-low-index-lean-513dc7cc/lean/rows/Row055/Layer008PairBlock002.lean	research.tasks.«B699-Binomial».runs.«20260911-low-index-lean-513dc7cc».lean.rows.Row055.Layer008PairBlock002	2	research/tasks/B699-Binomial/runs/20260911-low-index-lean-513dc7cc/lean/rows/Row055B64/Original.lean	research.tasks.«B699-Binomial».runs.«20260911-low-index-lean-513dc7cc».lean.rows.Row055B64.Original
129	research/tasks/B699-Binomial/runs/20260911-low-index-lean-513dc7cc/lean/rows/Row055/Layer008PairBlock003.lean	research.tasks.«B699-Binomial».runs.«20260911-low-index-lean-513dc7cc».lean.rows.Row055.Layer008PairBlock003	2	research/tasks/B699-Binomial/runs/20260911-low-index-lean-513dc7cc/lean/rows/Row055B64/Original.lean	research.tasks.«B699-Binomial».runs.«20260911-low-index-lean-513dc7cc».lean.rows.Row055B64.Original
130	research/tasks/B699-Binomial/runs/20260911-low-index-lean-513dc7cc/lean/rows/Row055/Layer008PairBlock004.lean	research.tasks.«B699-Binomial».runs.«20260911-low-index-lean-513dc7cc».lean.rows.Row055.Layer008PairBlock004	2	research/tasks/B699-Binomial/runs/20260911-low-index-lean-513dc7cc/lean/rows/Row055B64/Original.lean	research.tasks.«B699-Binomial».runs.«20260911-low-index-lean-513dc7cc».lean.rows.Row055B64.Original
131	research/tasks/B699-Binomial/runs/20260911-low-index-lean-513dc7cc/lean/rows/Row055/Layer008PairBlock005.lean	research.tasks.«B699-Binomial».runs.«20260911-low-index-lean-513dc7cc».lean.rows.Row055.Layer008PairBlock005	2	research/tasks/B699-Binomial/runs/20260911-low-index-lean-513dc7cc/lean/rows/Row055B64/Original.lean	research.tasks.«B699-Binomial».runs.«20260911-low-index-lean-513dc7cc».lean.rows.Row055B64.Original
132	research/tasks/B699-Binomial/runs/20260911-low-index-lean-513dc7cc/lean/rows/Row055/Layer008Pairs.lean	research.tasks.«B699-Binomial».runs.«20260911-low-index-lean-513dc7cc».lean.rows.Row055.Layer008Pairs	2	research/tasks/B699-Binomial/runs/20260911-low-index-lean-513dc7cc/lean/rows/Row055B64/Original.lean	research.tasks.«B699-Binomial».runs.«20260911-low-index-lean-513dc7cc».lean.rows.Row055B64.Original
133	research/tasks/B699-Binomial/runs/20260911-low-index-lean-513dc7cc/lean/rows/Row055/Layer008Checked.lean	research.tasks.«B699-Binomial».runs.«20260911-low-index-lean-513dc7cc».lean.rows.Row055.Layer008Checked	2	research/tasks/B699-Binomial/runs/20260911-low-index-lean-513dc7cc/lean/rows/Row055B64/Original.lean	research.tasks.«B699-Binomial».runs.«20260911-low-index-lean-513dc7cc».lean.rows.Row055B64.Original
134	research/tasks/B699-Binomial/runs/20260911-low-index-lean-513dc7cc/lean/rows/Row055/Layers008.lean	research.tasks.«B699-Binomial».runs.«20260911-low-index-lean-513dc7cc».lean.rows.Row055.Layers008	2	research/tasks/B699-Binomial/runs/20260911-low-index-lean-513dc7cc/lean/rows/Row055B64/Original.lean	research.tasks.«B699-Binomial».runs.«20260911-low-index-lean-513dc7cc».lean.rows.Row055B64.Original
135	research/tasks/B699-Binomial/runs/20260911-low-index-lean-513dc7cc/lean/rows/Row055/Layers012.lean	research.tasks.«B699-Binomial».runs.«20260911-low-index-lean-513dc7cc».lean.rows.Row055.Layers012	2	research/tasks/B699-Binomial/runs/20260911-low-index-lean-513dc7cc/lean/rows/Row055B64/Original.lean	research.tasks.«B699-Binomial».runs.«20260911-low-index-lean-513dc7cc».lean.rows.Row055B64.Original
136	research/tasks/B699-Binomial/runs/20260911-low-index-lean-513dc7cc/lean/rows/Row055/Layers016.lean	research.tasks.«B699-Binomial».runs.«20260911-low-index-lean-513dc7cc».lean.rows.Row055.Layers016	2	research/tasks/B699-Binomial/runs/20260911-low-index-lean-513dc7cc/lean/rows/Row055B64/Original.lean	research.tasks.«B699-Binomial».runs.«20260911-low-index-lean-513dc7cc».lean.rows.Row055B64.Original
137	research/tasks/B699-Binomial/runs/20260911-low-index-lean-513dc7cc/lean/rows/Row055/Layers020.lean	research.tasks.«B699-Binomial».runs.«20260911-low-index-lean-513dc7cc».lean.rows.Row055.Layers020	2	research/tasks/B699-Binomial/runs/20260911-low-index-lean-513dc7cc/lean/rows/Row055B64/Original.lean	research.tasks.«B699-Binomial».runs.«20260911-low-index-lean-513dc7cc».lean.rows.Row055B64.Original
138	research/tasks/B699-Binomial/runs/20260911-low-index-lean-513dc7cc/lean/rows/Row055/Layers024.lean	research.tasks.«B699-Binomial».runs.«20260911-low-index-lean-513dc7cc».lean.rows.Row055.Layers024	2	research/tasks/B699-Binomial/runs/20260911-low-index-lean-513dc7cc/lean/rows/Row055B64/Original.lean	research.tasks.«B699-Binomial».runs.«20260911-low-index-lean-513dc7cc».lean.rows.Row055B64.Original
139	research/tasks/B699-Binomial/runs/20260911-low-index-lean-513dc7cc/lean/rows/Row055/Layers028.lean	research.tasks.«B699-Binomial».runs.«20260911-low-index-lean-513dc7cc».lean.rows.Row055.Layers028	2	research/tasks/B699-Binomial/runs/20260911-low-index-lean-513dc7cc/lean/rows/Row055B64/Original.lean	research.tasks.«B699-Binomial».runs.«20260911-low-index-lean-513dc7cc».lean.rows.Row055B64.Original
140	research/tasks/B699-Binomial/runs/20260911-low-index-lean-513dc7cc/lean/rows/Row055/Layers032.lean	research.tasks.«B699-Binomial».runs.«20260911-low-index-lean-513dc7cc».lean.rows.Row055.Layers032	2	research/tasks/B699-Binomial/runs/20260911-low-index-lean-513dc7cc/lean/rows/Row055B64/Original.lean	research.tasks.«B699-Binomial».runs.«20260911-low-index-lean-513dc7cc».lean.rows.Row055B64.Original
141	research/tasks/B699-Binomial/runs/20260911-low-index-lean-513dc7cc/lean/rows/Row055/Layers036.lean	research.tasks.«B699-Binomial».runs.«20260911-low-index-lean-513dc7cc».lean.rows.Row055.Layers036	2	research/tasks/B699-Binomial/runs/20260911-low-index-lean-513dc7cc/lean/rows/Row055B64/Original.lean	research.tasks.«B699-Binomial».runs.«20260911-low-index-lean-513dc7cc».lean.rows.Row055B64.Original
142	research/tasks/B699-Binomial/runs/20260911-low-index-lean-513dc7cc/lean/rows/Row055/LayersChecked.lean	research.tasks.«B699-Binomial».runs.«20260911-low-index-lean-513dc7cc».lean.rows.Row055.LayersChecked	2	research/tasks/B699-Binomial/runs/20260911-low-index-lean-513dc7cc/lean/rows/Row055B64/Original.lean	research.tasks.«B699-Binomial».runs.«20260911-low-index-lean-513dc7cc».lean.rows.Row055B64.Original
143	research/tasks/B699-Binomial/runs/20260911-low-index-lean-513dc7cc/lean/rows/Row055/Checked.lean	research.tasks.«B699-Binomial».runs.«20260911-low-index-lean-513dc7cc».lean.rows.Row055.Checked	2	research/tasks/B699-Binomial/runs/20260911-low-index-lean-513dc7cc/lean/rows/Row055B64/Original.lean	research.tasks.«B699-Binomial».runs.«20260911-low-index-lean-513dc7cc».lean.rows.Row055B64.Original
144	research/tasks/B699-Binomial/runs/20260911-low-index-lean-513dc7cc/lean/rows/Row055/Original.lean	research.tasks.«B699-Binomial».runs.«20260911-low-index-lean-513dc7cc».lean.rows.Row055.Original	2	research/tasks/B699-Binomial/runs/20260911-low-index-lean-513dc7cc/lean/rows/Row055B64/Original.lean	research.tasks.«B699-Binomial».runs.«20260911-low-index-lean-513dc7cc».lean.rows.Row055B64.Original
