4	0	0	2	1	0	0	108
4	0	0	2	1	0	1	114
4	0	0	2	1	0	2	121
4	0	0	2	1	0	3	128
4	0	0	2	2	0	0	116
4	0	0	2	2	0	1	122
4	0	0	2	2	0	2	129
4	0	0	2	3	0	0	123
4	0	0	2	3	0	1	129
4	0	1	2	1	0	0	118
4	0	1	2	1	0	1	125
4	0	1	2	2	0	0	126
4	0	2	2	1	0	0	125
5	0	0	2	1	0	0	108
5	0	0	2	1	0	1	114
5	0	0	2	1	0	2	121
5	0	0	2	1	0	3	128
5	0	0	2	2	0	0	116
5	0	0	2	2	0	1	122
5	0	0	2	3	0	0	123
5	0	1	2	1	0	0	118
5	0	1	2	1	0	1	125
5	0	1	2	2	0	0	126
5	0	2	2	1	0	0	125
6	0	0	2	1	0	0	108
6	0	0	2	1	0	1	114
6	0	0	2	1	0	2	121
6	0	0	2	2	0	0	116
6	0	0	2	2	0	1	122
6	0	0	2	3	0	0	123
6	0	1	2	1	0	0	118
6	0	1	2	1	0	1	125
6	0	1	2	2	0	0	126
6	0	2	2	1	0	0	125
7	0	0	2	1	0	0	108
7	0	0	2	1	0	1	114
7	0	0	2	1	0	2	121
7	0	0	2	2	0	0	116
7	0	0	2	2	0	1	122
7	0	0	2	3	0	0	123
7	0	1	2	1	0	0	118
7	0	1	2	1	0	1	125
7	0	1	2	2	0	0	126
7	0	2	2	1	0	0	125
8	0	0	2	1	0	0	108
8	0	0	2	1	0	1	114
8	0	0	2	1	0	2	121
8	0	0	2	2	0	0	116
8	0	0	2	2	0	1	122
8	0	0	2	3	0	0	123
8	0	1	2	1	0	0	118
8	0	1	2	1	0	1	125
8	0	2	2	1	0	0	125
9	0	0	2	1	0	0	108
9	0	0	2	1	0	1	114
9	0	0	2	1	0	2	121
9	0	0	2	2	0	0	116
9	0	0	2	2	0	1	122
9	0	0	2	3	0	0	123
9	0	1	2	1	0	0	118
10	0	0	2	1	0	0	108
10	0	0	2	1	0	1	114
10	0	0	2	1	0	2	121
10	0	0	2	2	0	0	116
10	0	0	2	2	0	1	122
10	0	0	2	3	0	0	123
10	0	1	2	1	0	0	118
11	0	0	2	1	0	0	108
11	0	0	2	1	0	1	114
11	0	0	2	1	0	2	121
11	0	0	2	2	0	0	116
11	0	0	2	2	0	1	122
11	0	1	2	1	0	0	118
