bundle_index	bundle_path	bundle_module	imports
0	research/tasks/B699-Binomial/runs/20260911-low-index-lean-513dc7cc/experiments/huan-historical-bundles-5e2d13bb/v2-private-bundles-5e2d13bb/bundles/row037/Block000.lean	research.tasks.«B699-Binomial».runs.«20260911-low-index-lean-513dc7cc».experiments.«huan-historical-bundles-5e2d13bb».«v2-private-bundles-5e2d13bb».bundles.row037.Block000	research.tasks.«B699-Binomial».runs.«20260909-low-index-structure-b41a5a63».lean.FiniteCover,research.tasks.«B699-Binomial».runs.«20260911-low-index-lean-513dc7cc».lean.WitnessBridge,research.tasks.«B699-Binomial».runs.«20260911-low-index-lean-513dc7cc».lean.LayerParts,research.tasks.«B699-Binomial».runs.«20260911-low-index-lean-513dc7cc».lean.PairChunks
1	research/tasks/B699-Binomial/runs/20260911-low-index-lean-513dc7cc/experiments/huan-historical-bundles-5e2d13bb/v2-private-bundles-5e2d13bb/bundles/row037/Block001.lean	research.tasks.«B699-Binomial».runs.«20260911-low-index-lean-513dc7cc».experiments.«huan-historical-bundles-5e2d13bb».«v2-private-bundles-5e2d13bb».bundles.row037.Block001	research.tasks.«B699-Binomial».runs.«20260911-low-index-lean-513dc7cc».experiments.«huan-historical-bundles-5e2d13bb».«v2-private-bundles-5e2d13bb».bundles.row037.Block000,research.tasks.«B699-Binomial».runs.«20260911-low-index-lean-513dc7cc».lean.PairChunks
2	research/tasks/B699-Binomial/runs/20260911-low-index-lean-513dc7cc/experiments/huan-historical-bundles-5e2d13bb/v2-private-bundles-5e2d13bb/bundles/row037/Block002.lean	research.tasks.«B699-Binomial».runs.«20260911-low-index-lean-513dc7cc».experiments.«huan-historical-bundles-5e2d13bb».«v2-private-bundles-5e2d13bb».bundles.row037.Block002	research.tasks.«B699-Binomial».runs.«20260911-low-index-lean-513dc7cc».experiments.«huan-historical-bundles-5e2d13bb».«v2-private-bundles-5e2d13bb».bundles.row037.Block001,research.tasks.«B699-Binomial».runs.«20260911-low-index-lean-513dc7cc».lean.PairChunks,research.tasks.«B699-Binomial».runs.«20260911-low-index-lean-513dc7cc».experiments.«huan-historical-bundles-5e2d13bb».«v2-private-bundles-5e2d13bb».bundles.row037.Block000
3	research/tasks/B699-Binomial/runs/20260911-low-index-lean-513dc7cc/experiments/huan-historical-bundles-5e2d13bb/v2-private-bundles-5e2d13bb/bundles/row037/Block003.lean	research.tasks.«B699-Binomial».runs.«20260911-low-index-lean-513dc7cc».experiments.«huan-historical-bundles-5e2d13bb».«v2-private-bundles-5e2d13bb».bundles.row037.Block003	research.tasks.«B699-Binomial».runs.«20260911-low-index-lean-513dc7cc».experiments.«huan-historical-bundles-5e2d13bb».«v2-private-bundles-5e2d13bb».bundles.row037.Block002,research.tasks.«B699-Binomial».runs.«20260911-low-index-lean-513dc7cc».lean.PairChunks,research.tasks.«B699-Binomial».runs.«20260911-low-index-lean-513dc7cc».experiments.«huan-historical-bundles-5e2d13bb».«v2-private-bundles-5e2d13bb».bundles.row037.Block000
4	research/tasks/B699-Binomial/runs/20260911-low-index-lean-513dc7cc/experiments/huan-historical-bundles-5e2d13bb/v2-private-bundles-5e2d13bb/bundles/row037/Block004.lean	research.tasks.«B699-Binomial».runs.«20260911-low-index-lean-513dc7cc».experiments.«huan-historical-bundles-5e2d13bb».«v2-private-bundles-5e2d13bb».bundles.row037.Block004	research.tasks.«B699-Binomial».runs.«20260911-low-index-lean-513dc7cc».experiments.«huan-historical-bundles-5e2d13bb».«v2-private-bundles-5e2d13bb».bundles.row037.Block003,research.tasks.«B699-Binomial».runs.«20260911-low-index-lean-513dc7cc».lean.PairChunks,research.tasks.«B699-Binomial».runs.«20260911-low-index-lean-513dc7cc».experiments.«huan-historical-bundles-5e2d13bb».«v2-private-bundles-5e2d13bb».bundles.row037.Block000
5	research/tasks/B699-Binomial/runs/20260911-low-index-lean-513dc7cc/experiments/huan-historical-bundles-5e2d13bb/v2-private-bundles-5e2d13bb/bundles/row037/Block005.lean	research.tasks.«B699-Binomial».runs.«20260911-low-index-lean-513dc7cc».experiments.«huan-historical-bundles-5e2d13bb».«v2-private-bundles-5e2d13bb».bundles.row037.Block005	research.tasks.«B699-Binomial».runs.«20260911-low-index-lean-513dc7cc».experiments.«huan-historical-bundles-5e2d13bb».«v2-private-bundles-5e2d13bb».bundles.row037.Block004,research.tasks.«B699-Binomial».runs.«20260911-low-index-lean-513dc7cc».experiments.«huan-historical-bundles-5e2d13bb».«v2-private-bundles-5e2d13bb».bundles.row037.Block000
6	research/tasks/B699-Binomial/runs/20260911-low-index-lean-513dc7cc/experiments/huan-historical-bundles-5e2d13bb/v2-private-bundles-5e2d13bb/bundles/row037/Block006.lean	research.tasks.«B699-Binomial».runs.«20260911-low-index-lean-513dc7cc».experiments.«huan-historical-bundles-5e2d13bb».«v2-private-bundles-5e2d13bb».bundles.row037.Block006	research.tasks.«B699-Binomial».runs.«20260911-low-index-lean-513dc7cc».experiments.«huan-historical-bundles-5e2d13bb».«v2-private-bundles-5e2d13bb».bundles.row037.Block005,research.tasks.«B699-Binomial».runs.«20260911-low-index-lean-513dc7cc».experiments.«huan-historical-bundles-5e2d13bb».«v2-private-bundles-5e2d13bb».bundles.row037.Block000
7	research/tasks/B699-Binomial/runs/20260911-low-index-lean-513dc7cc/experiments/huan-historical-bundles-5e2d13bb/v2-private-bundles-5e2d13bb/bundles/row037/Block007.lean	research.tasks.«B699-Binomial».runs.«20260911-low-index-lean-513dc7cc».experiments.«huan-historical-bundles-5e2d13bb».«v2-private-bundles-5e2d13bb».bundles.row037.Block007	research.tasks.«B699-Binomial».runs.«20260911-low-index-lean-513dc7cc».experiments.«huan-historical-bundles-5e2d13bb».«v2-private-bundles-5e2d13bb».bundles.row037.Block006,research.tasks.«B699-Binomial».runs.«20260911-low-index-lean-513dc7cc».experiments.«huan-historical-bundles-5e2d13bb».«v2-private-bundles-5e2d13bb».bundles.row037.Block000
8	research/tasks/B699-Binomial/runs/20260911-low-index-lean-513dc7cc/experiments/huan-historical-bundles-5e2d13bb/v2-private-bundles-5e2d13bb/bundles/row037/Block008.lean	research.tasks.«B699-Binomial».runs.«20260911-low-index-lean-513dc7cc».experiments.«huan-historical-bundles-5e2d13bb».«v2-private-bundles-5e2d13bb».bundles.row037.Block008	research.tasks.«B699-Binomial».runs.«20260911-low-index-lean-513dc7cc».experiments.«huan-historical-bundles-5e2d13bb».«v2-private-bundles-5e2d13bb».bundles.row037.Block000,research.tasks.«B699-Binomial».runs.«20260911-low-index-lean-513dc7cc».experiments.«huan-historical-bundles-5e2d13bb».«v2-private-bundles-5e2d13bb».bundles.row037.Block007
9	research/tasks/B699-Binomial/runs/20260911-low-index-lean-513dc7cc/experiments/huan-historical-bundles-5e2d13bb/v2-private-bundles-5e2d13bb/bundles/row037/Block009.lean	research.tasks.«B699-Binomial».runs.«20260911-low-index-lean-513dc7cc».experiments.«huan-historical-bundles-5e2d13bb».«v2-private-bundles-5e2d13bb».bundles.row037.Block009	research.tasks.«B699-Binomial».runs.«20260911-low-index-lean-513dc7cc».experiments.«huan-historical-bundles-5e2d13bb».«v2-private-bundles-5e2d13bb».bundles.row037.Block000
10	research/tasks/B699-Binomial/runs/20260911-low-index-lean-513dc7cc/experiments/huan-historical-bundles-5e2d13bb/v2-private-bundles-5e2d13bb/bundles/row037/Original.lean	research.tasks.«B699-Binomial».runs.«20260911-low-index-lean-513dc7cc».experiments.«huan-historical-bundles-5e2d13bb».«v2-private-bundles-5e2d13bb».bundles.row037.Original	research.tasks.«B699-Binomial».runs.«20260911-low-index-lean-513dc7cc».experiments.«huan-historical-bundles-5e2d13bb».«v2-private-bundles-5e2d13bb».bundles.row037.Block000,research.tasks.«B699-Binomial».runs.«20260911-low-index-lean-513dc7cc».experiments.«huan-historical-bundles-5e2d13bb».«v2-private-bundles-5e2d13bb».bundles.row037.Block009,research.tasks.«B699-Binomial».runs.«20260911-low-index-lean-513dc7cc».experiments.«huan-historical-bundles-5e2d13bb».«v2-private-bundles-5e2d13bb».bundles.row037.Block002,research.tasks.«B699-Binomial».runs.«20260911-low-index-lean-513dc7cc».experiments.«huan-historical-bundles-5e2d13bb».«v2-private-bundles-5e2d13bb».bundles.row037.Block003,research.tasks.«B699-Binomial».runs.«20260911-low-index-lean-513dc7cc».experiments.«huan-historical-bundles-5e2d13bb».«v2-private-bundles-5e2d13bb».bundles.row037.Block004,research.tasks.«B699-Binomial».runs.«20260911-low-index-lean-513dc7cc».experiments.«huan-historical-bundles-5e2d13bb».«v2-private-bundles-5e2d13bb».bundles.row037.Block005,research.tasks.«B699-Binomial».runs.«20260911-low-index-lean-513dc7cc».experiments.«huan-historical-bundles-5e2d13bb».«v2-private-bundles-5e2d13bb».bundles.row037.Block006,research.tasks.«B699-Binomial».runs.«20260911-low-index-lean-513dc7cc».experiments.«huan-historical-bundles-5e2d13bb».«v2-private-bundles-5e2d13bb».bundles.row037.Block007,research.tasks.«B699-Binomial».runs.«20260911-low-index-lean-513dc7cc».experiments.«huan-historical-bundles-5e2d13bb».«v2-private-bundles-5e2d13bb».bundles.row037.Block008
